﻿<?xml version="1.0" encoding="utf-8"?>
<dataController name="BanwidthUpgrade1" conflictDetection="overwriteChanges" label="BanwidthUpgrade1" xmlns="urn:schemas-codeontime-com:data-aquarium">
  <commands>
    <command id="command1" type="Text" custom="false">
      <text><![CDATA[select
	"NSA_Address_Info"."SITE_ALIAS" "SITE_ALIAS"
	,"NSA_Address_Info"."ID" "ID"
	,"NSA_Address_Info"."IPT(Y/N existing?)" "IPTYNexisting"
	,"NSA_Address_Info"."IPT Phase" "IPTPhase"
	,"NSA_Address_Info"."Router Name" "RouterName"
                ,"NSA_Address_Info"."Ckt Upgr Type" "CktUpgrType"
	,"NSA_Address_Info"."Router Refr?" "RouterRefr"
	,"NSA_Address_Info"."Current Bndwdth" "CurrentBndwdth"
	,"NSA_Address_Info"."Bndwdth Upgrd (yes/no)" "BndwdthUpgrdyesno"
	,"NSA_Address_Info"."Recmd Upgrd Ckt size" "RecmdUpgrdCktsize"
                ,"NSA_Address_Info"."Actual Upgrd Ckt size" "ActualUpgrdCktsize"
	,"NSA_Address_Info"."#Users" "Users"
	,"NSA_Address_Info"."#Devcs" "Devcs"
	,"NSA_Address_Info"."#FAX-Analog FXS ports" "FAXAnalogFXSports"
	,"NSA_Address_Info"."#Paging/911 FXO ports" "Paging911FXOports"
	,"NSA_Address_Info"."VRZ ckt new subnet" "VRZcktnewsubnet"
	,"NSA_Address_Info"."VRZ ckt new IP CE" "VRZcktnewIPCE"
	,"NSA_Address_Info"."VRZ ckt new IP PE" "VRZcktnewIPPE"
	,"NSA_Address_Info"."CTL ckt new subnet" "CTLcktnewsubnet"
	,"NSA_Address_Info"."CTL ckt new IP CE" "CTLcktnewIPCE"
	,"NSA_Address_Info"."CTL ckt new IP PE" "CTLcktnewIPPE"
	,"NSA_Address_Info"."Issue notes" "Issuenotes"
	,"NSA_Address_Info"."EUC Coordinator" "EUCCoordinator"
	,"NSA_Address_Info"."Ckt Upgr Actual" "CktUpgrActual"
	,"NSA_Address_Info"."Rtr/Ckt Upgr Planned" "RtrCktUpgrPlanned"
	,"NSA_Address_Info"."Ckt Upgr Status" "CktUpgrStatus"
	,"NSA_Address_Info"."Ckt/Rtr CR#" "CktRtrCR"
	,"NSA_Address_Info"."Ckt-Rtr Net-Eng" "CktRtrNetEng"
	,"NSA_Address_Info"."EUC Voice PM" "EUCVoicePM"
	,"NSA_Address_Info"."IPT Site Status" "IPTSiteStatus"
	,"NSA_Address_Info"."Ckt Matrix Request #" "CktMatrixRequest"
	,"NSA_Address_Info"."Ckt Carrier Due Date" "CktCarrierDueDate"
	,"NSA_Address_Info"."CTL new LEC ID" "CTLnewLECID"
	,"NSA_Address_Info"."VRZ new LEC ID" "VRZnewLECID"
	,"NSA_Address_Info"."Bench Switch Type" "BenchSwitchType"
	,"NSA_Address_Info"."VRZ Script Received" "VRZScriptReceived"
	,"NSA_Address_Info"."Hardware Configured" "HardwareConfigured"
	,"NSA_Address_Info"."Ckt Lead Time" "CktLeadTime"
from "dbo"."NSA_Address_Info" "NSA_Address_Info"]]></text>
    </command>
  </commands>
  <fields>
    <field name="SITE_ALIAS" type="String" label="Site Alias" length="255" showInSummary="true" allowNulls="false" readOnly="true" />
    <field name="ID" type="Int32" allowNulls="false" isPrimaryKey="true" label="Id" readOnly="true" />
    <field name="BranchName" type="String" label="Branch Name" length="255" showInSummary="true" />
    <field name="SiteNotes" type="String" label="Site Notes" length="255" showInSummary="true" />
    <field name="IPTYNexisting" type="String" label="IPTY Nexisting" length="255" showInSummary="true" />
    <field name="IPTPhase" type="String" label="IPT Phase" length="255" showInSummary="true">
      <items style="Lookup" dataController="IPT_Phase" dataView="grid1" dataValueField="IPTPhase" />
    </field>
    <field name="RouterName" type="String" label="Router Name" length="255" />
    <field name="CktUpgrType" type="String" label="CktUpgrType" length="255">
      <items style="DropDownList" dataController="CktUpgrType" dataView="grid1" />
    </field>
    <field name="RouterRefr" type="String" label="Router Refr" length="255" />
    <field name="CurrentBndwdth" type="String" label="Current Bndwdth" length="255" />
    <field name="BndwdthUpgrdyesno" type="String" label="Bndwdth Upgrd (yes/no)" length="255">
      <items style="DropDownList">
        <item value="Yes" text="Yes" />
        <item value="No" text="No" />
        <item value="Proactive" text="Proactive" />
      </items>
    </field>
    <field name="RecmdUpgrdCktsize" type="String" label="Recmd Upgrd Cktsize" length="255" />
    <field name="ActualUpgrdCktsize" type="String" label="Actual Upgrd Cktsize" length="10" />
    <field name="Users" type="String" label="Users" length="255" />
    <field name="Devcs" type="Double" label="Devcs" />
    <field name="FAXAnalogFXSports" type="Double" label="FAX Analog FX Sports" />
    <field name="Paging911FXOports" type="Double" label="Paging911 FX Oports" />
    <field name="VRZcktnewsubnet" type="String" label="VRZcktnewsubnet" length="255" />
    <field name="VRZcktnewIPCE" type="String" label="VRZcktnew IPCE" length="255" />
    <field name="VRZcktnewIPPE" type="String" label="VRZcktnew IPPE" length="255" />
    <field name="CTLcktnewsubnet" type="String" label="CTLcktnewsubnet" length="255" />
    <field name="CTLcktnewIPCE" type="String" label="CTLcktnew IPCE" length="255" />
    <field name="CTLcktnewIPPE" type="String" label="CTLcktnew IPPE" length="255" />
    <field name="Issuenotes" type="String" label="Issuenotes" length="255" />
    <field name="EUCCoordinator" type="String" label="EUC Coordinator" length="255" />
    <field name="MACCode" type="String" label="MAC Code" length="255" />
    <field name="Address1" type="String" label="Address1" length="255" />
    <field name="Address2" type="String" label="Address2" length="255" />
    <field name="City" type="String" label="City" length="255" />
    <field name="State" type="String" label="State" length="255" />
    <field name="ZipCode" type="String" label="Zip Code" length="255" />
    <field name="CktUpgrActual" type="DateTime" label="Ckt Upgr Actual" length="50" />
    <field name="RtrCktUpgrPlanned" type="DateTime" label="Rtr Ckt Upgr Planned" />
    <field name="CktUpgrStatus" type="String" label="CktUpgrStatus" length="255">
      <items style="Lookup" dataController="CKT_UPGRD_STATUS" dataView="grid1" dataValueField="Ckt_Upgrd_Status" />
    </field>
    <field name="CktRtrCR" type="String" label="CktRtrCR" length="255" />
    <field name="CktRtrNetEng" type="String" label="CktRtrNetEng" length="50" />
    <field name="EUCVoicePM" type="String" label="EUC Voice PM" length="255" />
    <field name="IPTSiteStatus" type="String" label="IPT Site Status" length="255">
      <items style="Lookup" dataController="ctlIPTSIteStatus" dataView="grid1" dataValueField="IPTSiteSTATUS" />
    </field>
    <field name="BRMGR" type="String" label="Brmgr" length="255" />
    <field name="MainPhone" type="String" label="Main Phone" length="255" />
    <field name="CktMatrixRequest" type="String" label="CktMatrixRequest" length="255" />
    <field name="CktCarrierDueDate" type="DateTime" label="CktCarrierDueDate" length="255" />
    <field name="Floor" type="String" label="Floor" length="255" />
    <field name="MAC5" type="String" label="Mac5" length="255" />
    <field name="CTLnewLECID" type="String" label="CTLnewLECID" length="255" />
    <field name="VRZnewLECID" type="String" label="VRZnewLECID" length="255" />
    <field name="BenchSwitchType" type="String" label="Bench Switch Type" length="255" />
    <field name="VRZScriptReceived" type="String" label="VRZScriptReceived" length="255" />
    <field name="HardwareConfigured" type="Boolean" label="Hardware Configured" />
    <field name="MEM2900512U25GB" type="String" label="Mem2900512u25gb" length="255" />
    <field name="CktLeadTime" type="String" label="CktLeadTime" allowQBE="false" allowSorting="false" htmlEncode="false" hidden="false">
      <items letters="false" />
    </field>
  </fields>
  <views>
    <view id="grid1" type="Form" commandId="command1" label="Bandwidth Upgrade">
      <headerText />
      <categories>
        <category headerText="EUC Cord" id="c2" newColumn="true">
          <dataFields>
            <dataField fieldName="BndwdthUpgrdyesno" columns="30" />
            <dataField fieldName="RecmdUpgrdCktsize" columns="30" />
            <dataField fieldName="ActualUpgrdCktsize" columns="10" />
            <dataField fieldName="RtrCktUpgrPlanned" columns="10" />
            <dataField fieldName="HardwareConfigured" columns="30" />
            <dataField fieldName="BenchSwitchType" columns="30" />
            <dataField fieldName="Devcs" columns="10" />
            <dataField fieldName="Users" columns="10" />
            <dataField fieldName="CurrentBndwdth" columns="10" />
            <dataField fieldName="SITE_ALIAS" />
            <dataField fieldName="ID" hidden="true" />
          </dataFields>
        </category>
        <category headerText="IPT" id="c3">
          <dataFields>
            <dataField fieldName="IPTSiteStatus" columns="30" />
            <dataField fieldName="RouterName" columns="40" />
            <dataField fieldName="IPTYNexisting" columns="30" />
            <dataField fieldName="IPTPhase" columns="30" />
          </dataFields>
        </category>
        <category headerText="CTL" id="c4" newColumn="true">
          <dataFields>
            <dataField fieldName="CTLcktnewsubnet" columns="30" />
            <dataField fieldName="CTLcktnewIPCE" columns="30" />
            <dataField fieldName="CTLcktnewIPPE" columns="30" />
            <dataField fieldName="CTLnewLECID" columns="30" />
          </dataFields>
        </category>
        <category headerText="VRZ" id="c5" newColumn="true">
          <dataFields>
            <dataField fieldName="VRZScriptReceived" columns="20" />
            <dataField fieldName="VRZnewLECID" columns="30" />
            <dataField fieldName="VRZcktnewIPPE" columns="30" />
            <dataField fieldName="VRZcktnewIPCE" columns="30" />
            <dataField fieldName="VRZcktnewsubnet" columns="30" />
          </dataFields>
        </category>
        <category headerText="CKT" id="c1">
          <dataFields>
            <dataField fieldName="CktRtrCR" columns="30" />
            <dataField fieldName="CktCarrierDueDate" columns="10" />
            <dataField fieldName="CktMatrixRequest" columns="30" />
            <dataField fieldName="CktUpgrStatus" columns="30" />
            <dataField fieldName="CktRtrNetEng" columns="30" />
            <dataField fieldName="CktUpgrActual" columns="10" />
            <dataField fieldName="CktUpgrType" columns="40" />
            <dataField fieldName="CktLeadTime" columns="10" />
          </dataFields>
        </category>
      </categories>
    </view>
  </views>
  <actions>
    <actionGroup id="ag1" scope="Grid">
      <action id="a1" commandName="Select" />
      <action id="a2" commandName="Edit" />
    </actionGroup>
    <actionGroup id="ag4" scope="ActionBar" headerText="Edit" flat="true">
      <action id="a1" whenKeySelected="true" commandName="Edit" cssClass="EditIcon" whenView="grid1" />
      <action causesValidation="false" id="a100" />
    </actionGroup>
    <actionGroup id="ag6" scope="ActionBar" headerText="Record">
      <action id="a1" whenLastCommandName="Edit" commandName="Update" />
      <action id="a2" whenLastCommandName="Edit" commandName="Cancel" />
      <action id="a3" whenLastCommandName="New" commandName="Insert" />
      <action id="a4" whenLastCommandName="New" commandName="Cancel" />
    </actionGroup>
    <actionGroup id="ag8" scope="Row">
      <action id="a4" whenLastCommandName="Edit" commandName="Update" />
      <action id="a5" whenLastCommandName="Edit" commandName="Cancel" />
      <action id="a6" whenLastCommandName="New" commandName="Insert" />
      <action id="a7" whenLastCommandName="New" commandName="Cancel" />
    </actionGroup>
  </actions>
  <businessRules>
    <rule id="r100" commandName="Update" type="Sql" phase="Execute" name="FieldAudit"><![CDATA[if @BndwdthUpgrdyesno_NewValue !=@BndwdthUpgrdyesno_OldValue
begin
insert into Field_Audit (tablename, columnname,parentid,oldvalue, newvalue,ModifiedDate,ModifyUser) 
values ('NSA_Address_Info','BndwdthUpgrdyesno', @ID,@BndwdthUpgrdyesno_OldValue, 
@BndwdthUpgrdyesno_NewValue,getDate(),@BusinessRules_UserName)
end

if @CurrentBndwdth_NewValue !=@CurrentBndwdth_OldValue
begin
insert into Field_Audit (tablename, columnname,parentid,oldvalue, newvalue,ModifiedDate,ModifyUser) 
values ('NSA_Address_Info','CurrentBndwdth', @ID,@CurrentBndwdth_OldValue, 
@CurrentBndwdth_NewValue,getDate(),@BusinessRules_UserName)
end

if @RecmdUpgrdCktsize_NewValue !=@RecmdUpgrdCktsize_OldValue
begin
insert into Field_Audit (tablename, columnname,parentid,oldvalue, newvalue,ModifiedDate,ModifyUser) 
values ('NSA_Address_Info','RecmdUpgrdCktsize', @ID,@RecmdUpgrdCktsize_OldValue, 
@RecmdUpgrdCktsize_NewValue,getDate(),@BusinessRules_UserName)
end


if @CTLcktnewsubnet_NewValue !=@CTLcktnewsubnet_OldValue
begin
insert into Field_Audit (tablename, columnname,parentid,oldvalue, newvalue,ModifiedDate,ModifyUser) 
values ('NSA_Address_Info','CTLcktnewsubnet', @ID,@CTLcktnewsubnet_OldValue, 
@CTLcktnewsubnet_NewValue,getDate(),@BusinessRules_UserName)
end

if @CTLcktnewIPCE_NewValue !=@CTLcktnewIPCE_OldValue
begin
insert into Field_Audit (tablename, columnname,parentid,oldvalue, newvalue,ModifiedDate,ModifyUser) 
values ('NSA_Address_Info','CTLcktnewIPCE', @ID,@CTLcktnewIPCE_OldValue, 
@CTLcktnewIPCE_NewValue,getDate(),@BusinessRules_UserName)
end

if @CTLcktnewIPPE_NewValue !=@CTLcktnewIPPE_OldValue
begin
insert into Field_Audit (tablename, columnname,parentid,oldvalue, newvalue,ModifiedDate,ModifyUser) 
values ('NSA_Address_Info','CTLcktnewIPPE', @ID,@CTLcktnewIPPE_OldValue, 
@CTLcktnewIPPE_NewValue,getDate(),@BusinessRules_UserName)
end



if @VRZcktnewsubnet_NewValue !=@VRZcktnewsubnet_OldValue
begin
insert into Field_Audit (tablename, columnname,parentid,oldvalue, newvalue,ModifiedDate,ModifyUser) 
values ('NSA_Address_Info','VRZcktnewsubnet', @ID,@VRZcktnewsubnet_OldValue, 
@VRZcktnewsubnet_NewValue,getDate(),@BusinessRules_UserName)
end


if @VRZcktnewIPCE_NewValue !=@VRZcktnewIPCE_OldValue
begin
insert into Field_Audit (tablename, columnname,parentid,oldvalue, newvalue,ModifiedDate,ModifyUser) 
values ('NSA_Address_Info','VRZcktnewIPCE', @ID,@VRZcktnewIPCE_OldValue, 
@VRZcktnewIPCE_NewValue,getDate(),@BusinessRules_UserName)
end

if @VRZcktnewIPPE_NewValue !=@VRZcktnewIPPE_OldValue
begin
insert into Field_Audit (tablename, columnname,parentid,oldvalue, newvalue,ModifiedDate,ModifyUser) 
values ('NSA_Address_Info','VRZcktnewIPPE', @ID,@VRZcktnewIPPE_OldValue, 
@VRZcktnewIPPE_NewValue,getDate(),@BusinessRules_UserName)
end


if @CktUpgrType_NewValue !=@CktUpgrType_OldValue
begin
insert into Field_Audit (tablename, columnname,parentid,oldvalue, newvalue,ModifiedDate,ModifyUser) 
values ('NSA_Address_Info','CktUpgrType', @ID,@CktUpgrType_OldValue, 
@CktUpgrType_NewValue,getDate(),@BusinessRules_UserName)
end]]></rule>
  </businessRules>
</dataController>