﻿<?xml version="1.0" encoding="utf-8"?>
<dataController name="BanwidthUpgrade" conflictDetection="overwriteChanges" label="Banwidth Upgrade" xmlns="urn:schemas-codeontime-com:data-aquarium">
  <commands>
    <command id="command1" type="Text">
      <text><![CDATA[select
	"NSA_Address_Info"."SITE_ALIAS" "SITE_ALIAS"
	,"NSA_Address_Info"."ID" "ID"
	,"NSA_Address_Info"."Branch Name" "BranchName"
	,"NSA_Address_Info"."Site Notes" "SiteNotes"
	,"NSA_Address_Info"."IPT(Y/N existing?)" "IPTYNexisting"
	,"NSA_Address_Info"."IPT Phase" "IPTPhase"
	,"NSA_Address_Info"."Router Name" "RouterName"
	,"NSA_Address_Info"."Router Refr?" "RouterRefr"
	,"NSA_Address_Info"."Current Bndwdth" "CurrentBndwdth"
	,"NSA_Address_Info"."Bndwdth Upgrd (yes/no)" "BndwdthUpgrdyesno"
	,"NSA_Address_Info"."Recmd Upgrd Ckt size" "RecmdUpgrdCktsize"
                ,"NSA_Address_Info"."Actual Upgrd Ckt size" "Actual Upgrd Ckt size"
	,"NSA_Address_Info"."#Users" "Users"
	,"NSA_Address_Info"."#Devcs" "Devcs"
	,"NSA_Address_Info"."#FAX-Analog FXS ports" "FAXAnalogFXSports"
	,"NSA_Address_Info"."#Paging/911 FXO ports" "Paging911FXOports"
	,"NSA_Address_Info"."VRZ ckt new subnet" "VRZcktnewsubnet"
	,"NSA_Address_Info"."VRZ ckt new IP CE" "VRZcktnewIPCE"
	,"NSA_Address_Info"."VRZ ckt new IP PE" "VRZcktnewIPPE"
	,"NSA_Address_Info"."CTL ckt new subnet" "CTLcktnewsubnet"
	,"NSA_Address_Info"."CTL ckt new IP CE" "CTLcktnewIPCE"
	,"NSA_Address_Info"."CTL ckt new IP PE" "CTLcktnewIPPE"
	,"NSA_Address_Info"."Issue notes" "Issuenotes"
	,"NSA_Address_Info"."EUC Coordinator" "EUCCoordinator"
	,"NSA_Address_Info"."MAC Code" "MACCode"
	,"NSA_Address_Info"."Address 1" "Address1"
	,"NSA_Address_Info"."Address 2" "Address2"
	,"NSA_Address_Info"."City" "City"
	,"NSA_Address_Info"."State" "State"
	,"NSA_Address_Info"."Zip Code" "ZipCode"
	,"NSA_Address_Info"."Ckt order#" "Cktorder"
	,"NSA_Address_Info"."Ckt Upgr Actual" "CktUpgrActual"
	,"NSA_Address_Info"."Rtr/Ckt Upgr Planned" "RtrCktUpgrPlanned"
	,"NSA_Address_Info"."Ckt Upgr Status" "CktUpgrStatus"
	,"NSA_Address_Info"."Ckt/Rtr CR#" "CktRtrCR"
	,"NSA_Address_Info"."Ckt-Rtr Net-Eng" "CktRtrNetEng"
	,"NSA_Address_Info"."EUC Voice PM" "EUCVoicePM"
	,"NSA_Address_Info"."IPT Site Status" "IPTSiteStatus"
	,"NSA_Address_Info"."BR MGR" "BRMGR"
	,"NSA_Address_Info"."Main Phone#" "MainPhone"
	,"NSA_Address_Info"."Ckt Matrix Request #" "CktMatrixRequest"
	,"NSA_Address_Info"."Ckt Carrier Due Date" "CktCarrierDueDate"
	,"NSA_Address_Info"."Floor" "Floor"
	,"NSA_Address_Info"."MAC5" "MAC5"
from "dbo"."NSA_Address_Info" "NSA_Address_Info"
]]></text>
    </command>
  </commands>
  <fields>
    <field name="SITE_ALIAS" type="String" label="Site Alias" length="255" hidden="true" />
    <field name="ID" type="Double" allowNulls="false" isPrimaryKey="true" label="Id" />
    <field name="IPTYNexisting" type="String" label="IPT Y Nexisting" length="255" showInSummary="true" />
    <field name="IPTPhase" type="String" label="IPT Phase" length="255" showInSummary="true">
      <items style="Lookup" dataController="IPT_Phase" dataView="grid1" dataValueField="IPTPhase" />
    </field>
    <field name="RouterName" type="String" label="Router Name" length="255">
      <items newDataView="createForm1" />
    </field>
    <field name="RouterRefr" type="String" label="Router Refr" length="255">
      <items style="Lookup" dataController="ROUTER_REF" dataView="grid1" dataValueField="RTR_REF" />
    </field>
    <field name="CurrentBndwdth" type="String" label="Current Bndwdth" length="255" />
    <field name="BndwdthUpgrdyesno" type="String" label="Bndwdth Upgrd yes no" length="255" />
    <field name="RecmdUpgrdCktsize" type="String" label="Recmd Upgrd Cktsize" length="255" />
    <field name="ActualUpgrdCktsize" type="String" label="Actual Upgrd Ckt size" allowQBE="false" allowSorting="false" htmlEncode="false" hidden="false" length="15">
      <items letters="false" />
    </field>
    <field name="VRZcktnewsubnet" type="String" label="VR Zcktnewsubnet" length="255" />
    <field name="VRZcktnewIPCE" type="String" label="VR Zcktnew IPCE" length="255" />
    <field name="VRZcktnewIPPE" type="String" label="VR Zcktnew IPPE" length="255" />
    <field name="CTLcktnewsubnet" type="String" label="CT Lcktnewsubnet" length="255" />
    <field name="CTLcktnewIPCE" type="String" label="CT Lcktnew IPCE" length="255" />
    <field name="CTLcktnewIPPE" type="String" label="CT Lcktnew IPPE" length="255" />
    <field name="EUCCoordinator" type="String" label="EUC Coordinator" length="255" />
    <field name="Cktorder" type="String" label="Cktorder" length="255" />
    <field name="CktUpgrActual" type="String" label="Ckt Upgr Actual" length="255" />
    <field name="RtrCktUpgrPlanned" type="String" label="Rtr Ckt Upgr Planned" length="255" />
    <field name="CktUpgrStatus" type="String" label="Ckt Upgr Status" length="255" />
    <field name="CktRtrCR" type="String" label="Ckt Rtr CR" length="255" />
    <field name="CktRtrNetEng" type="String" label="Ckt Rtr Net Eng" length="255" />
    <field name="EUCVoicePM" type="String" label="EUC Voice PM" length="255" />
    <field name="IPTSiteStatus" type="String" label="IPT Site Status" length="255" />
    <field name="BRMGR" type="String" label="Brmgr" length="255" />
    <field name="MainPhone" type="String" label="Main Phone" length="255" />
    <field name="CktMatrixRequest" type="String" label="Ckt Matrix Request" length="255" />
    <field name="CktCarrierDueDate" type="String" label="Ckt Carrier Due Date" length="255" />
  </fields>
  <views>
    <view id="rtrRefresh" commandId="command1" type="Form" label="Router Refresh">
      <categories>
        <category headerText="Router Refresh" id="c1" newColumn="true">
          <dataFields>
            <dataField fieldName="SITE_ALIAS" textMode="Text" />
            <dataField fieldName="RouterName" textMode="Text" />
            <dataField fieldName="RouterRefr" textMode="Text" columns="10" />
            <dataField fieldName="ID" hidden="true" />
          </dataFields>
        </category>
      </categories>
    </view>
  </views>
  <actions>
    <actionGroup id="ag1" scope="Grid">
      <action id="a1" commandName="Select" commandArgument="rtrRefresh" />
      <action id="a2" commandName="Edit" />
    </actionGroup>
    <actionGroup id="ag2" scope="Form">
      <action id="a1" commandName="Edit" />
      <action id="a3" commandName="Cancel" />
      <action id="a4" whenLastCommandName="Edit" commandName="Update" />
      <action id="a6" whenLastCommandName="Edit" commandName="Cancel" />
      <action id="a7" whenLastCommandName="New" commandName="Insert" />
      <action id="a8" whenLastCommandName="New" commandName="Cancel" />
      <action id="a13" whenLastCommandName="Insert" commandName="Select" commandArgument="editForm1" whenKeySelected="true" whenClientScript="this.get_hasDetails()" />
    </actionGroup>
    <actionGroup id="ag4" scope="ActionBar" headerText="Edit" flat="true">
      <action id="a1" whenKeySelected="true" commandName="Edit" commandArgument="rtrRefresh" cssClass="EditIcon" />
    </actionGroup>
    <actionGroup id="ag6" scope="ActionBar" headerText="Record">
      <action id="a1" whenLastCommandName="Edit" commandName="Update" />
      <action id="a2" whenLastCommandName="Edit" commandName="Cancel" />
      <action id="a3" whenLastCommandName="New" commandName="Insert" />
      <action id="a4" whenLastCommandName="New" commandName="Cancel" />
    </actionGroup>
    <actionGroup id="ag8" scope="Row">
      <action id="a4" whenLastCommandName="Edit" commandName="Update" />
      <action id="a5" whenLastCommandName="Edit" commandName="Cancel" />
      <action id="a6" whenLastCommandName="New" commandName="Insert" />
      <action id="a7" whenLastCommandName="New" commandName="Cancel" />
    </actionGroup>
  </actions>
</dataController>