﻿<?xml version="1.0" encoding="utf-8"?>
<dataController name="CONTROL_TYPE" conflictDetection="overwriteChanges" label="Control Type" xmlns="urn:schemas-codeontime-com:data-aquarium">
  <commands>
    <command id="command1" type="Text">
      <text><![CDATA[select
	"CONTROL_TYPE"."Cntrllr Type" "CntrllrType"
from "dbo"."CONTROL_TYPE" "CONTROL_TYPE"
]]></text>
    </command>
  </commands>
  <fields>
    <field name="CntrllrType" type="String" isPrimaryKey="true" label="Cntrllr Type" length="255" showInSummary="true" />
  </fields>
  <views>
    <view id="grid1" type="Grid" commandId="command1" label="Control Type">
      <headerText>$DefaultGridViewDescription</headerText>
      <dataFields>
        <dataField fieldName="CntrllrType" />
      </dataFields>
    </view>
  </views>
  <actions />
</dataController>