﻿<?xml version="1.0" encoding="utf-8"?>
<dataController name="CPD_WLAN" conflictDetection="overwriteChanges" label="CPD_WLAN" xmlns="urn:schemas-codeontime-com:data-aquarium">
  <commands>
    <command id="command1" type="Text" custom="false">
      <text><![CDATA[select
                 "NSA_Address_Info"."ID" "ID"
	,"NSA_Address_Info"."SITE_ALIAS" "SITE_ALIAS"
	,"NSA_Address_Info"."SiteVisit#" "SiteVisits"
	,"NSA_Address_Info"."MAC" "MAC5"
	,"NSA_Address_Info"."WLAN Phase" "WLANPriority"
	,"NSA_Address_Info"."NEW AU" "NEWAU"
	,"NSA_Address_Info"."Floor" "Floor"
	,"NSA_Address_Info"."Add2ndSW" "Add2ndSW"
	,"NSA_Address_Info"."Add3rdSW" "Add3rdSW"
	,"NSA_Address_Info"."Switch Config Posted" "SwitchConfigPosted"
	,"NSA_Address_Info"."SWBOMPosted" "SWBOMPosted"
                ,"NSA_Address_Info"."SMSFLPlanVerified" "SMSFLPlanVerified"
	,"NSA_Address_Info"."WLAN Deploy" "WLANDeploy"
	,"NSA_Address_Info"."Branch Name" "BranchName"
	,"NSA_Address_Info"."WLAN Status" "WLANStatus"
	,"NSA_Address_Info"."Site Notes" "SiteNotes"
	,"NSA_Address_Info"."Pred Surv Tech" "PredSurvTech"
	,"NSA_Address_Info"."SW Proj Phoenix?" "SWProjPhoenix"
	,"NSA_Address_Info"."Pred Surv Due" "PredSurvDue"
	,"NSA_Address_Info"."Pred Surv Actual" "PredSurvActual"
	,"NSA_Address_Info"."Cntrllr Type" "CntrllrType"
	,"NSA_Address_Info"."WSSI/Monitor" "WSSIMonitor"
	,"NSA_Address_Info"."APs Reqd" "APsReqd"
	,"NSA_Address_Info"."VLAN 16" "VLAN16"
	,"NSA_Address_Info"."VLAN 816" "VLAN816"
	,"NSA_Address_Info"."WSSI's Reqd" "WSSIsReqd"
	,"NSA_Address_Info"."Pwr Injs Rqrd" "PwrInjsRqrd"
	,"NSA_Address_Info"."WLAN Net-Eng" "WLANNetEng"
	,"NSA_Address_Info"."Switch Cpcty (Ports Avlb)" "SwitchCpctyPortsAvlb"
	,"NSA_Address_Info"."Switch Refr?" "SwitchRefr"
	,"NSA_Address_Info"."Switch ADD" "SwitchADD"
	,"NSA_Address_Info"."3750x Sw Notes" "n3750xSwNotes"
	,"NSA_Address_Info"."3750x Sw Reqd" "n3750xSwReqd"
	,"NSA_Address_Info"."Switch Name" "SwitchName"
	,"NSA_Address_Info"."Switch Model" "SwitchModel"
	,"NSA_Address_Info"."IPT Switch Replacement" "IPTSwitchReplacement"
	,"NSA_Address_Info"."WLAN BOM posted" "WLANBOMposted"
	,"NSA_Address_Info"."NetSec Status" "NetSecStatus"
	,"NSA_Address_Info"."Net Sec Engr" "NetSecEngr"
	,"NSA_Address_Info"."work" "work"
	,"NSA_Address_Info"."WSSI Assgnmt" "WSSIAssgnmt"
	,"NSA_Address_Info"."EUC Regn" "EUCRegn"
	,"NSA_Address_Info"."EUC Coordinator" "EUCCoordinator"
	,"NSA_Address_Info"."Config Cntr WLAN" "ConfigCntrWLAN"
	,"NSA_Address_Info"."Vendor WLAN-Ntwk" "VendorWLANNtwk"
	,"NSA_Address_Info"."WLAN 'Size'" "WLANSize"
	,"NSA_Address_Info"."COI" "COI"
	,"NSA_Address_Info"."Landlord" "Landlord"
	,"NSA_Address_Info"."Landlord Primary Contact" "LandlordPrimaryContact"
	,"NSA_Address_Info"."Landlord Phone" "LandlordPhone"
	,"NSA_Address_Info"."Landlord Fax" "LandlordFax"
	,"NSA_Address_Info"."Landlord Email" "LandlordEmail"
	,"NSA_Address_Info"."WLAN CutSht Sent to CC" "WLANCutShtSenttoCC"
	,"NSA_Address_Info"."WLAN CutSht CC Reply" "WLANCutShtCCReply"
	,"NSA_Address_Info"."WLAN Install Planned Date" "WLANInstallPlannedDate"
	,"NSA_Address_Info"."WLAN CR#" "WLANCR"
	,"NSA_Address_Info"."CR Apprvd WLAN" "CRApprvdWLAN"
	,"NSA_Address_Info"."Comm 4-wk Sent WLAN" "Comm4wkSentWLAN"
	,"NSA_Address_Info"."Comm 1-wk Sent WLAN" "Comm1wkSentWLAN"
	,"NSA_Address_Info"."Router Name" "RouterName"
	,"NSA_Address_Info"."MAC Code" "MACCode"
	,"NSA_Address_Info"."Address 1" "Address1"
	,"NSA_Address_Info"."Address 2" "Address2"
	,"NSA_Address_Info"."City" "City"
	,"NSA_Address_Info"."State" "State"
	,"NSA_Address_Info"."Zip Code" "ZipCode"
	,"NSA_Address_Info"."ePro req wlan Date" "eProreqwlanDate"
	,"NSA_Address_Info"."ePro Req# Vendor WLAN" "eProReqVendorWLAN"
	,"NSA_Address_Info"."WLAN SR#" "WLANSR"
	,"NSA_Address_Info"."WLAN Install Actual Date" "WLANInstallActualDate"
	,"NSA_Address_Info"."WLAN Post Survey Compltn Date" "WLANPostSurveyCompltnDate"
	,"NSA_Address_Info"."#Users" "Users"
	,"NSA_Address_Info"."#Devcs" "Devcs"
	,"NSA_Address_Info"."BR MGR" "BRMGR"
	,"NSA_Address_Info"."WLAN Flr(s)" "WLANFlrs"
	,"NSA_Address_Info"."Main Phone#" "MainPhone"
	,"NSA_Address_Info"."Br 2nd Contact" "Br2ndContact"
	,"NSA_Address_Info"."Pre-Install Survey Date (If Required)" "PreInstallSurveyDateIfRequired"
	,"NSA_Address_Info"."Post Install Actual Date" "PostInstallActualDate"
	,"NSA_Address_Info"."Partl Flr?" "PartlFlr"
	,"NSA_Address_Info"."Sq Ft" "SqFt"
	,"NSA_Address_Info"."Fl Plan in SMS" "FlPlaninSMS"
	,"NSA_Address_Info"."Site Visit - Reschedule" "SiteVisitReschedule"
	,"NSA_Address_Info"."ISSUE Status" "ISSUEStatus"
	,"NSA_Address_Info"."Issue notes" "Issuenotes"
	,"NSA_Address_Info"."Issue Owner" "IssueOwner"
	,"NSA_Address_Info"."Issue Start" "IssueStart"
	,"NSA_Address_Info"."Item Type" "ItemType"
from "dbo"."NSA_Address_Info" "NSA_Address_Info" where "NSA_Address_Info"."WLAN Deploy"  != 'OOS'
	Order by "NSA_Address_Info"."WLAN Deploy"  asc, "NSA_Address_Info"."EUC Coordinator" asc]]></text>
    </command>
  </commands>
  <fields>
    <field name="ID" type="Int32" allowNulls="false" isPrimaryKey="true" label="Id" readOnly="true" />
    <field name="SITE_ALIAS" type="String" label="SiteAlias" length="255" showInSummary="true" hidden="false" readOnly="true" />
    <field name="MAC5" type="String" label="Mac5" length="255" hidden="true" />
    <field name="Floor" type="String" label="Floor" length="255" hidden="true" />
    <field name="WLANDeploy" type="String" label="WLANDeploy" length="255" showInSummary="true">
      <items style="Lookup" dataController="WLAN_DEPLOY" dataView="grid1" dataValueField="WLANDeploy" />
    </field>
    <field name="BranchName" type="String" label="BranchName" length="255" showInSummary="true" />
    <field name="WLANStatus" type="String" label="WLANStatus" length="255">
      <items style="DropDownList" dataController="ctlWLANSTATUS" dataView="grid1" dataValueField="WLANSTATUS" />
    </field>
    <field name="SiteNotes" type="String" label="SiteNotes                  " showInSummary="true" allowQBE="false" allowSorting="false" />
    <field name="PredSurvTech" type="String" label="PredSurvTech" length="255">
      <items style="Lookup" dataController="PRED_SURV_TECH" dataView="grid1" dataValueField="PredSurvTech" />
    </field>
    <field name="PredSurvDue" type="DateTime" label="PredSurvDue" />
    <field name="PredSurvActual" type="DateTime" label="PredSurvActual" />
    <field name="CntrllrType" type="String" label="CntrllrType" length="255">
      <items style="DropDownList" dataController="CONTROL_TYPE" dataView="grid1" dataValueField="CntrllrType" />
    </field>
    <field name="WSSIMonitor" type="String" label="WSSIMonitor" length="255" />
    <field name="APsReqd" type="String" label="APsReqd" length="255" />
    <field name="WSSIsReqd" type="Double" label="WSSIsReqd" />
    <field name="PwrInjsRqrd" type="String" label="PwrInjsRqrd" length="255" />
    <field name="WLANNetEng" type="String" label="WLANNetEng" length="255">
      <items style="Lookup" dataController="WLAN_NET_ENG" dataView="grid1" dataValueField="WLANNetEng" />
    </field>
    <field name="SwitchCpctyPortsAvlb" type="String" label="SwitchCpctyPortsAvlb" length="255" />
    <field name="SwitchRefr" type="String" label="WLANSwitchRefr" length="255">
      <items style="Lookup" dataController="SWITCH_REF" dataView="grid1" dataValueField="SwitchRefr" />
    </field>
    <field name="SwitchADD" type="String" label="SwitchADD" length="255" />
    <field name="n3750xSwReqd" type="Double" label="SwReqd" />
    <field name="SwitchName" type="String" label="SwitchName" length="255" />
    <field name="SwitchModel" type="String" label="SwitchModel" length="255">
      <items style="Lookup" dataController="SWITCH_MODEL" dataView="grid1" dataValueField="SwitchModel" />
    </field>
    <field name="IPTSwitchReplacement" type="String" label="IPTSwitchReplacement" length="255" />
    <field name="WLANBOMposted" type="DateTime" label="WLANBOMposted" />
    <field name="NetSecStatus" type="String" label="NetSecStatus" length="255">
      <items style="Lookup" dataController="NET_SEC_STAT" dataView="grid1" dataValueField="NetSecStatus" />
    </field>
    <field name="NetSecEngr" type="String" label="NetSecEngr" length="255">
      <items style="Lookup" dataController="NET_SEC_ENG" dataView="grid1" dataValueField="NetSecEngr" />
    </field>
    <field name="work" type="String" label="Work" length="255" />
    <field name="WSSIAssgnmt" type="String" label="WSSIAssgnmt" length="255" />
    <field name="EUCRegn" type="String" label="EUCRegn" length="255">
      <items style="Lookup" dataController="EUC_REGION" dataView="grid1" dataValueField="EUCRegion" />
    </field>
    <field name="EUCCoordinator" type="String" label="EUCCoordinator" length="255">
      <items style="Lookup" dataController="EUC_COORD" dataView="grid1" dataValueField="EUCCoordinator" />
    </field>
    <field name="ConfigCntrWLAN" type="String" label="ConfigCntrWLAN" length="255" />
    <field name="VendorWLANNtwk" type="String" label="VendorWLANNtwk" length="255" />
    <field name="WLANSize" type="String" label="WLANSize" length="255" />
    <field name="COI" type="String" label="COI" length="255" />
    <field name="WLANCutShtSenttoCC" type="DateTime" label="WLANCutShtSenttoCC" />
    <field name="WLANCutShtCCReply" type="DateTime" label="WLANCutShtCCReply" />
    <field name="WLANInstallPlannedDate" type="DateTime" label="WLANInstallPlannedDate" />
    <field name="WLANCR" type="String" label="WLANCR" length="255" />
    <field name="CRApprvdWLAN" type="Boolean" label="CRApprvdWLAN" />
    <field name="Comm4wkSentWLAN" type="DateTime" label="WLAN Intro Sent" />
    <field name="Comm1wkSentWLAN" type="DateTime" label="Comm1wkSentWLAN" />
    <field name="RouterName" type="String" label="RouterName" length="255" />
    <field name="MACCode" type="String" label="MACCode" length="255" showInSummary="true" />
    <field name="Address1" type="String" label="Address1" length="255" />
    <field name="Address2" type="String" label="Address2" length="255" />
    <field name="City" type="String" label="City" length="255" />
    <field name="State" type="String" label="State" length="255" />
    <field name="ZipCode" type="String" label="Zip Code" length="255" />
    <field name="eProreqwlanDate" type="DateTime" label="eProreqwlanDate" />
    <field name="eProReqVendorWLAN" type="String" label="eProReqVendorWLAN" length="255" />
    <field name="WLANSR" type="String" label="WLAN SR#" length="255" />
    <field name="WLANInstallActualDate" type="DateTime" label="WLANInstallActualDate" />
    <field name="WLANPostSurveyCompltnDate" type="DateTime" label="WLANPostSurveyCompltDate" />
    <field name="Users" type="String" label="Users#" length="255" />
    <field name="Devcs" type="String" label="Devcs#" length="255" />
    <field name="BRMGR" type="String" label="BRMGR" length="255" />
    <field name="WLANFlrs" type="String" label="WLANFlrs" length="255" />
    <field name="MainPhone" type="String" label="MainPhone" length="255" />
    <field name="Br2ndContact" type="String" label="Br2ndContact" length="255" />
    <field name="PreInstallSurveyDateIfRequired" type="String" label="PreInstallSurveyDateIfRequired" length="255" />
    <field name="PostInstallActualDate" type="String" label="PostInstallActualDate" length="255" />
    <field name="PartlFlr" type="String" label="PartlFlr" length="255" />
    <field name="SqFt" type="String" label="SqFt" length="255" />
    <field name="FlPlaninSMS" type="String" label="FlPlaninSMS" length="255" >
      <items style="DropDownList">
        <item value="No" text="No" />
        <item value="Yes" text="Yes" />
        <item value="DWF" text="DWF" />
        <item value="DWF – not current" text="DWF – not current" />
        <item value="PDF" text="PDF" />
        <item value="PDF – Useable" text="PDF – Useable"/>
        <item value="PDF – not clear" text="PDF – not clear" />
        <item value="PDF – hand drawn" text="PDF – hand drawn" />
        <item value="PDF – not to scale" text="PDF – not to scale" />
        <item value="PDF – no dimensions" text="PDF – no dimensions" />
        <item value="PDF – not current" text="PDF – not current" />
      </items>
    </field>  
    <field name="SiteVisitReschedule" type="DateTime" label="WLANOriginalPlannedDate" />
    <field name="ISSUEStatus" type="String" label="ISSUEStatus" length="255" />
    <field name="Issuenotes" type="String" label="Issuenotes                " showInSummary="true" allowQBE="false" allowSorting="false" />
    <field name="IssueOwner" type="String" label="IssueOwner" length="255" />
    <field name="IssueStart" type="String" label="IssueStart" length="255" />
    <field name="ItemType" type="String" label="ItemType" length="255" />
    <field name="SWProjPhoenix" type="String" label="SWProjPhoenix" htmlEncode="false" hidden="false" length="255">
      <items letters="false" />
    </field>
    <field name="Issue" type="Boolean" label="Issue" allowQBE="false" allowSorting="false" showInSummary="true" htmlEncode="false" calculated="true" hidden="false" readOnly="true">
      <items letters="false" />
    </field>
    <field name="vLAN16" type="String" label="VLAN16 IP" htmlEncode="false" hidden="false" length="250">
      <items letters="false" />
    </field>
    <field name="VLAN816" type="String" label="VLAN816 IP" htmlEncode="false" hidden="false" length="250">
      <items letters="false" />
    </field>
    <field name="NEWAU" type="String" readOnly="true" label="NEW AU" showInSummary="true" htmlEncode="false" hidden="false" length="100">
      <items letters="false" />
    </field>
    <field name="SMSFLPlanVerified" type="Boolean" label="SMSFLPlanVerified" showInSummary="true" htmlEncode="false" hidden="false">
      <items letters="false" />
    </field>
    <field name="SwitchConfigPosted" type="DateTime" label="SwitchConfigPosted" showInSummary="true" htmlEncode="false" hidden="false">
      <items letters="false" />
    </field>
    <field name="SWBOMPosted" type="DateTime" label="SWBOMPosted" showInSummary="true" htmlEncode="false" hidden="false">
      <items letters="false" />
    </field>
    <field name="Add2ndSW" type="String" label="Add2ndSW" htmlEncode="false" hidden="false" length="255">
      <items letters="false" style="DropDownList">
        <item value="Yes" text="Yes" />
        <item value="No" text="No" />
      </items>
    </field>
    <field name="Add3rdSW" type="String" label="Add3rdSW" htmlEncode="false" hidden="false" length="255">
      <items letters="false" style="DropDownList">
        <item value="Yes" text="Yes" />
        <item value="No" text="No" />
      </items>
    </field>
    <field name="n3750xSwNotes" type="String" label="SwNotes" allowQBE="false" allowSorting="false" htmlEncode="false" hidden="false">
      <items letters="false" />
    </field>
    <field name="SiteVisits" type="UInt32" readOnly="true" label="SiteVisit#" allowQBE="false" allowSorting="false" htmlEncode="false" hidden="false">
      <items letters="false" />
    </field>
    <field name="LandlordEmail" type="String" label="Landlord Email" htmlEncode="false" hidden="false" length="255">
      <items letters="false" />
    </field>
    <field name="LandlordFax" type="String" label="Landlord Fax" htmlEncode="false" hidden="false" length="255">
      <items letters="false" />
    </field>
    <field name="LandlordPhone" type="String" label="Landlord Phone" htmlEncode="false" hidden="false" length="255">
      <items letters="false" />
    </field>
    <field name="LandlordPrimaryContact" type="String" label="Landlord Primary Contact" htmlEncode="false" hidden="false" length="255">
      <items letters="false" />
    </field>
    <field name="Landlord" type="String" label="Landlord" htmlEncode="false" hidden="false" length="255">
      <items letters="false" />
    </field>
    <field name="WLANPriority" type="String" label="WLAN Priority" htmlEncode="false" hidden="false" length="255">
      <items letters="false" />
    </field>
  </fields>
  <views>
    <view id="grid1" type="DataSheet" commandId="command1" label="WLAN" access="Public">
      <headerText />
      <dataFields>
        <dataField fieldName="SITE_ALIAS" readOnly="true" />
        <dataField fieldName="SiteVisits" columns="15" />
        <dataField fieldName="Issue" />
        <dataField fieldName="MAC5" hidden="true" />
        <dataField fieldName="Floor" hidden="true" />
        <dataField fieldName="WLANDeploy" />
        <dataField fieldName="WLANPriority" rows="5" />
        <dataField fieldName="BranchName" />
        <dataField fieldName="WLANStatus" />
        <dataField fieldName="SiteNotes" textMode="RichText" />
        <dataField fieldName="PredSurvTech" />
        <dataField fieldName="PredSurvDue" columns="10" />
        <dataField fieldName="PredSurvActual" columns="10" />
        <dataField fieldName="WSSIsReqd" columns="15" />
        <dataField fieldName="WLANNetEng" />
        <dataField fieldName="SwitchCpctyPortsAvlb" />
        <dataField fieldName="SwitchRefr" />
        <dataField fieldName="SwitchADD" />
        <dataField fieldName="Add2ndSW" />
        <dataField fieldName="Add3rdSW" />
        <dataField fieldName="n3750xSwReqd" columns="15" />
        <dataField fieldName="n3750xSwNotes" rows="4" textMode="RichText" search="Forbidden" />
        <dataField fieldName="APsReqd" />
        <dataField fieldName="PwrInjsRqrd" />
        <dataField fieldName="CntrllrType" />
        <dataField fieldName="WSSIMonitor" />
        <dataField fieldName="WSSIAssgnmt" />
        <dataField fieldName="vLAN16" />
        <dataField fieldName="VLAN816" />
        <dataField fieldName="WLANBOMposted" columns="10" />
        <dataField fieldName="SWBOMPosted" columns="10" />
        <dataField fieldName="SwitchConfigPosted" columns="10" />
        <dataField fieldName="SWProjPhoenix" />
        <dataField fieldName="SwitchName" />
        <dataField fieldName="SwitchModel" />
        <dataField fieldName="IPTSwitchReplacement" />
        <dataField fieldName="NetSecStatus" />
        <dataField fieldName="NetSecEngr" />
        <dataField fieldName="work" />
        <dataField fieldName="EUCRegn" />
        <dataField fieldName="EUCCoordinator" />
        <dataField fieldName="ConfigCntrWLAN" />
        <dataField fieldName="VendorWLANNtwk" />
        <dataField fieldName="WLANSize" />
        <dataField fieldName="COI" />
        <dataField fieldName="Landlord" rows="5" />
        <dataField fieldName="LandlordPrimaryContact" rows="5" />
        <dataField fieldName="LandlordPhone" rows="5" />
        <dataField fieldName="LandlordFax" rows="5" />
        <dataField fieldName="LandlordEmail" rows="5" />
        <dataField fieldName="WLANCutShtSenttoCC" columns="10" />
        <dataField fieldName="WLANCutShtCCReply" columns="10" />
        <dataField fieldName="WLANInstallPlannedDate" columns="10" />
        <dataField fieldName="WLANCR" />
        <dataField fieldName="CRApprvdWLAN" />
        <dataField fieldName="Comm4wkSentWLAN" columns="10" />
        <dataField fieldName="Comm1wkSentWLAN" columns="10" />
        <dataField fieldName="RouterName" />
        <dataField fieldName="MACCode" />
        <dataField fieldName="NEWAU" />
        <dataField fieldName="Address1" />
        <dataField fieldName="Address2" />
        <dataField fieldName="City" />
        <dataField fieldName="State" />
        <dataField fieldName="ZipCode" />
        <dataField fieldName="eProreqwlanDate" columns="10" />
        <dataField fieldName="eProReqVendorWLAN" />
        <dataField fieldName="WLANSR" />
        <dataField fieldName="WLANInstallActualDate" columns="10" />
        <dataField fieldName="WLANPostSurveyCompltnDate" columns="10" />
        <dataField fieldName="Users" />
        <dataField fieldName="Devcs" />
        <dataField fieldName="BRMGR" />
        <dataField fieldName="WLANFlrs" />
        <dataField fieldName="MainPhone" />
        <dataField fieldName="Br2ndContact" />
        <dataField fieldName="PreInstallSurveyDateIfRequired" />
        <dataField fieldName="PostInstallActualDate" />
        <dataField fieldName="PartlFlr" />
        <dataField fieldName="SqFt" />
        <dataField fieldName="FlPlaninSMS" />
        <dataField fieldName="SMSFLPlanVerified" />
        <dataField fieldName="SiteVisitReschedule" />
        <dataField fieldName="ItemType" />
      </dataFields>
    </view>
  </views>
  <actions>
    <actionGroup id="ag6" scope="ActionBar" headerText="Record">
      <action id="a1" whenLastCommandName="Edit" commandName="Update" />
      <action id="a2" whenLastCommandName="Edit" commandName="Cancel" />
    </actionGroup>
    <actionGroup id="ag5" scope="ActionBar" headerText="Actions">
      <action id="a1" commandName="ExportCsv" headerText="Export to Spreadsheet" />
      <action id="a2" />
      <action id="a5" />
    </actionGroup>
    <actionGroup id="ag4" scope="ActionBar" headerText="Edit" flat="true">
      <action id="a1" whenKeySelected="true" commandName="Edit" cssClass="EditIcon" whenView="grid1" />
    </actionGroup>
    <actionGroup id="ag1" scope="Grid">
      <action id="a1" commandName="Select" />
      <action id="a2" commandName="Edit" />
      <action id="a101" />
      <action commandArgument="NSA_Address_Info.aspx?_controller=NSA_Address_Info&amp;ID={ID}&amp;_commandName=Select&amp;_commandArgument=grid1" id="a100" commandName="Navigate" headerText="Goto the same record in Enterprise" description="Navigate to Enterprise page using selected record." />
    </actionGroup>
    <actionGroup id="ag100" scope="ActionBar" headerText="Goto the same record in Enterprise" flat="true">
      <action commandName="Navigate" commandArgument="NSA_Address_Info.aspx?_controller=NSA_Address_Info&amp;ID={ID}&amp;_commandName=Select&amp;_commandArgument=grid1" headerText="Goto the same record in Enterprise" id="a100" description="Navigate to Enterprise page using selected record." />
    </actionGroup>
  </actions>
  <businessRules>
    <rule id="r102" commandName="Update" type="Sql" phase="Execute" name="KeepWLANPlannedInstallDate"><![CDATA[if @WLANInstallPlannedDate_NewValue !=@WLANInstallPlannedDate_OldValue
begin
insert into DatesHistorylog (tablename, columnname,parentid,oldvalue, newvalue,ModifiedDate,ModifyUser) 
values ('NSA_Address_Info','WLAN PLANNED INSTALL DATE', @ID,@WLANInstallPlannedDate_OldValue, 
@WLANInstallPlannedDate_NewValue,getDate(),@BusinessRules_UserName)
end]]></rule>
    <rule id="r100" commandName="Update" type="Sql" phase="Execute" name="KeepWLANOriginalPlannedDateHistory"><![CDATA[if @SiteVisitReschedule_NewValue !=@SiteVisitReschedule_OldValue
begin
insert into DatesHistorylog (tablename, columnname,parentid,oldvalue, newvalue,ModifiedDate,ModifyUser) 
values ('NSA_Address_Info','Site Visit - Reschedule', @ID,@SiteVisitReschedule_OldValue, 
@SiteVisitReschedule_NewValue,getDate(),@BusinessRules_UserName)
end]]></rule>
  </businessRules>
</dataController>