﻿<?xml version="1.0" encoding="utf-8"?>
<dataController name="CPG_SITE_READINESS" conflictDetection="overwriteChanges" label="CPG_SITE_READINESS" xmlns="urn:schemas-codeontime-com:data-aquarium">
  <commands>
    <command id="command1" type="Text" custom="false">
      <text><![CDATA[select
	"NSA_Address_Info"."ID" "ID"
	,"NSA_Address_Info"."SITE_ALIAS" "SITE_ALIAS"
	,"NSA_Address_Info"."SiteVisit#" "SiteVisits"
	,"NSA_Address_Info"."MAC" "MAC5"
	,"NSA_Address_Info"."Floor" "Floor"
	,"NSA_Address_Info"."2016 Ckt Review" "f2016CktReview"
	,"NSA_Address_Info"."Branch Name" "BranchName"
	,"NSA_Address_Info"."Site Notes" "SiteNotes"
	,"NSA_Address_Info"."New Router Model" "BOM_ROUTERTYPE"
	,"NSA_Address_Info"."Readiness Equipment Status" "ReadinessEquipmentStatus"
	,"NSA_Address_Info"."EUC Coordinator" "EUCCoordinators"
	,"NSA_Address_Info"."EUC Regn" "EUCRegn"
	,"NSA_Address_Info"."RTR Proj Phoenix?" "RTRProjPhoenix"
	,"NSA_Address_Info"."Vendor WLAN-Ntwk" "VendorWLANNtwk"
	,"NSA_Address_Info"."IPT Phase"  "IPTPhase"
	,"NSA_Address_Info"."Router Upgr Status" "RouterUpgrStatus"
	,"NSA_Address_Info"."Readiness Deploy" "ReadinessDeploy"
                ,"NSA_Address_Info"."Ckt Upgr Status" "CktUpgrStatus"
	,"NSA_Address_Info"."IPT Net Eng" "IPTNetEng"
	,"NSA_Address_Info"."Router Name" "RouterName"
	,"NSA_Address_Info"."Rtr Mdl Current" "RtrMdlCurrent"
	,"NSA_Address_Info"."Router Refr?" "RouterRefr"
	,"NSA_Address_Info"."Final Router Type" "RouterType"
	,"NSA_Address_Info"."Bench Router Type" "BenchRouterType"
	,"NSA_Address_Info"."2921 RTR Reqd" "2921RTRReqd"
	,"NSA_Address_Info"."3945 RTR Reqd" "3945RTRReqd"
	,"NSA_Address_Info"."IPT Switch Replacement" "IPTSwitchReplacement"
	,"NSA_Address_Info"."Current Bndwdth" "CurrentBndwdth"
	,"NSA_Address_Info"."Bndwdth Upgrd (yes/no)" "BndwdthUpgrdyesno"
	,"NSA_Address_Info"."Recmd Upgrd Ckt size" "RecmdUpgrdCktsize"
	,"NSA_Address_Info"."Ckt Upgr Type" "CktUpgrType"
	,"NSA_Address_Info"."Ckt Upg Lead Time" "CktUpgLeadTime"
	,"NSA_Address_Info"."Rtr/Ckt Upgr Planned" "RtrCktUpgrPlanned"
	,"NSA_Address_Info"."Ckt/Rtr CR#" "CktRtrCR"
	,"NSA_Address_Info"."Hardware Configured" "HardwareConfigured"
	,"NSA_Address_Info"."Hardware Shipped" "HardwareShipped"
	,"NSA_Address_Info"."Ckt Ordered" "CktOrdered"
	,"NSA_Address_Info"."Ckt Reqstd Due" "CktReqstdDue"
	,"NSA_Address_Info"."Ckt Extension Planned" "CktExtensionPlanned"
	,"NSA_Address_Info"."CMP VZN Order" "CMPVZNOrder"
	,"NSA_Address_Info"."Ckt Carrier Due Date" "CktCarrierDueDate"
	,"NSA_Address_Info"."VRZ Script Received" "VRZScriptReceived"
	,"NSA_Address_Info"."VRZ ckt new subnet" "VRZcktnewsubnet"
	,"NSA_Address_Info"."VRZ ckt new IP PE" "VRZcktnewIPPE"
	,"NSA_Address_Info"."VRZ ckt new IP CE" "VRZcktnewIPCE"
	,"NSA_Address_Info"."VZN Ckt Delvrd" "VZNCktDelvrd"
	,"NSA_Address_Info"."VRZ new Ckt ID" "VRZnewCktID"
	,"NSA_Address_Info"."VZN FOC" "VZNFOC"
	,"NSA_Address_Info"."CMP CTL order" "CMPCTLorder"
	,"NSA_Address_Info"."CTL Script Received" "CTLScriptReceived"
	,"NSA_Address_Info"."CTL ckt new subnet" "CTLcktnewsubnet"
	,"NSA_Address_Info"."CTL ckt new IP PE" "CTLcktnewIPPE"
	,"NSA_Address_Info"."CTL ckt new IP CE" "CTLcktnewIPCE"
	,"NSA_Address_Info"."CTL Ckt Delvrd" "CTLCktDelvrd"
	,"NSA_Address_Info"."CTL New Ckt ID" "CTLNewCktID"
	,"NSA_Address_Info"."CTL FOC" "CTLFOC"
	,"NSA_Address_Info"."MAC Code" "MACCode"
	,"NSA_Address_Info"."Address1" "Address1"
	,"NSA_Address_Info"."Address2" "Address2"
	,"NSA_Address_Info"."City" "City"
	,"NSA_Address_Info"."State" "State"
	,"NSA_Address_Info"."Zip Code" "ZipCode" 
	,"NSA_Address_Info"."Demarc Lctn" "Demarc Lctn"
	,"NSA_Address_Info"."COI" "COI"
	,"NSA_Address_Info"."Rtr/Ckt Upgr Actual" "RtrCktUpgrActual"
	,"NSA_Address_Info"."BR MGR" "BRMGR" 
	,"NSA_Address_Info"."Main Phone#" "MainPhone"
	,"NSA_Address_Info"."#FAX-Analog FXS ports" "FAXAnalogFXSports" 
	,"NSA_Address_Info"."#Paging/911 FXO ports" "Paging911FXOports"
	,"NSA_Address_Info"."IPT(Y/N existing?)" "IPTYNexisting"
	,"NSA_Address_Info"."IPT Conversion Date Planned" "IPTConversionDatePlanned"
	,"NSA_Address_Info"."#Devcs" "Devcs" 
	,"NSA_Address_Info"."#Users" "Users"
	,"NSA_Address_Info"."EUC Voice PM" "EUCVoicePM"
	,"NSA_Address_Info"."IPT Site Status" "IPTSiteStatus"
	,"NSA_Address_Info"."REFRESH Type" "REFRESHType"
	,"NSA_Address_Info"."ISSUE Status" "ISSUEStatus"
	,"NSA_Address_Info"."Issue notes" "Issuenotes"
	,"NSA_Address_Info"."Issue Owner" "IssueOwner"
	,"NSA_Address_Info"."Issue Start" "IssueStart"
	,"NSA_Address_Info"."Issue Type" "IssueType"
	,"NSA_Address_Info"."Switch Refr?" "SwitchRefr"
	,"NSA_Address_Info"."3750x Sw Reqd" "3750xSwReqd"
from "dbo"."NSA_Address_Info" "NSA_Address_Info" where ("NSA_Address_Info"."IPT(Y/N existing?)" = 'N' or "NSA_Address_Info"."IPT(Y/N existing?)" ='Pilot')
		Order by"NSA_Address_Info"."Readiness Deploy" asc,  "NSA_Address_Info"."Rtr/Ckt Upgr Planned" asc]]></text>
    </command>
    <command id="IDIdentityCommand" type="Text" event="Inserted">
      <text><![CDATA[select @@identity]]></text>
      <output>
        <fieldOutput fieldName="ID" />
      </output>
    </command>
  </commands>
  <fields>
    <field name="ID" type="Int32" allowNulls="false" isPrimaryKey="true" label="Id" readOnly="true" hidden="true" />
    <field name="SITE_ALIAS" type="String" label="SiteAlias" length="255" showInSummary="true" readOnly="true" />
    <field name="MAC5" type="String" label="Mac5" length="15" hidden="true" />
    <field name="Floor" type="String" label="Floor" length="2" hidden="true" />
    <field name="BranchName" type="String" label="BranchName" length="200" showInSummary="true" />
    <field name="SiteNotes" type="String" allowQBE="false" allowSorting="false" label="SiteNotes                          &amp;nbsp;&amp;nbsp;&amp;nbsp;&amp;nbsp;" showInSummary="true" />
    <field name="EUCCoordinators" type="String" label="EUCCoordinators" length="250">
      <items style="Lookup" dataController="EUC_COORD" dataView="grid1" dataValueField="EUCCoordinator" />
    </field>
    <field name="VendorWLANNtwk" type="String" label="VendorWLANNtwk" length="200" />
    <field name="EUCRegn" type="String" label="EUCRegn" length="250">
      <items style="Lookup" dataController="EUC_REGION" dataView="grid1" dataValueField="EUCRegion" />
    </field>
    <field name="IPTPhase" type="String" label="IPTPhase" length="250">
      <items style="Lookup" dataController="IPT_Phase" dataView="grid1" dataValueField="IPTPhase" />
    </field>
    <field name="RouterUpgrStatus" type="String" label="RouterUpgrStatus" length="250">
      <items style="Lookup" dataController="ctlRouter_Upgr_Status" dataView="grid1" dataValueField="RouterUpgrStatus" />
    </field>
    <field name="CktUpgrStatus" type="String" label="CktUpgrStatus" length="255" showInSummary="true">
      <items style="Lookup" dataController="CKT_UPGRD_STATUS" dataView="grid1" dataValueField="Ckt_Upgrd_Status" />
    </field>
    <field name="IPTNetEng" type="String" label="IPTNetEng" length="250" />
    <field name="RouterName" type="String" label="RouterName" length="250" />
    <field name="RtrMdlCurrent" type="String" label="RtrMdlCurrent" length="200" />
    <field name="RouterRefr" type="String" label="RouterRefr" length="250" showInSummary="true">
      <items style="Lookup" dataController="ROUTER_REF" dataView="grid1" dataValueField="RTR_REF" />
    </field>
    <field name="RouterType" type="String" label="FinalRouterType" length="2000">
      <items style="Lookup" dataController="Router_Type" dataView="grid1" dataValueField="Router_Type" />
    </field>
    <field name="BenchRouterType" type="String" label="BenchRouterType" length="200" />
    <field name="n2921RTRReqd" type="Double" label="2921RTRReqd" />
    <field name="n3945RTRReqd" type="String" label="3945RTRReqd" length="200" />
    <field name="IPTSwitchReplacement" type="String" label="IPTSwitchReplacement" length="200" />
    <field name="CurrentBndwdth" type="String" label="CurrentBndwdth" length="200" />
    <field name="BndwdthUpgrdyesno" type="String" label="Bndwdth Upgrd (yes/no)" length="200">
      <items style="DropDownList">
        <item value="Yes" text="Yes" />
        <item value="No" text="No" />
        <item value="Proactive" text="Proactive" />
      </items>
    </field>
    <field name="RecmdUpgrdCktsize" type="String" label="RecmdUpgrdCktsize" length="200" />
    <field name="CktUpgrType" type="String" label="CktUpgrType" length="200" />
    <field name="CktUpgLeadTime" type="String" label="CktUpgLeadTime" length="200" />
    <field name="RtrCktUpgrPlanned" type="DateTime" label="RtrCktUpgrPlanned" showInSummary="true" />
    <field name="CktRtrCR" type="String" label="CktRtrCR" length="200" />
    <field name="HardwareConfigured" type="Boolean" label="HardwareConfigured" />
    <field name="HardwareShipped" type="Boolean" label="HardwareShipped" />
    <field name="CktOrdered" type="DateTime" label="CktOrdered" showInSummary="true" />
    <field name="CktReqstdDue" type="DateTime" label="CktReqstdDue" showInSummary="true" />
    <field name="CktExtensionPlanned" type="DateTime" label="CktExtensionPlanned" showInSummary="true" />
    <field name="CMPVZNOrder" type="String" label="CMPVZNOrder" length="200" />
    <field name="CktCarrierDueDate" type="String" label="CktCarrierDueDate" length="200" />
    <field name="VRZScriptReceived" type="DateTime" label="VRZScriptReceived" showInSummary="true" />
    <field name="VRZcktnewsubnet" type="String" label="VRZcktnewsubnet" length="200" />
    <field name="VRZcktnewIPPE" type="String" label="VRZcktnewIPPE" length="200" />
    <field name="VRZcktnewIPCE" type="String" label="VRZcktnewIPCE" length="200" />
    <field name="VZNCktDelvrd" type="DateTime" label="VZNCktDelvrd" showInSummary="true" />
    <field name="VRZnewCktID" type="String" label="VRZnewCkt#" length="200" />
    <field name="VZNFOC" type="DateTime" label="Vznfoc" />
    <field name="CMPCTLorder" type="String" label="CMPCTLorder" length="200" />
    <field name="CTLScriptReceived" type="DateTime" label="CTLScriptReceived" />
    <field name="CTLcktnewsubnet" type="String" label="CTLcktnewsubnet" length="200" />
    <field name="CTLcktnewIPPE" type="String" label="CTLcktnewIPPE" length="200" />
    <field name="CTLcktnewIPCE" type="String" label="CTLcktnewIPCE" length="200" />
    <field name="CTLCktDelvrd" type="DateTime" label="CTLCktDelvrd" />
    <field name="CTLNewCktID" type="String" label="CTLNewCkt#" length="200" />
    <field name="CTLFOC" type="DateTime" label="Ctlfoc" />
    <field name="MACCode" type="String" label="MAC Code" length="50" />
    <field name="Address1" type="String" label="Address1" length="255" />
    <field name="Address2" type="String" label="Address2" length="255" />
    <field name="City" type="String" label="City" length="200" />
    <field name="State" type="String" label="State" length="200" />
    <field name="ZipCode" type="String" label="ZipCode" length="200" />
    <field name="DemarcLctn" type="String" label="DemarcLctn" length="200" />
    <field name="COI" type="String" label="Coi" length="200" />
    <field name="RtrCktUpgrActual" type="DateTime" label="RtrCktUpgrActual" showInSummary="true" />
    <field name="BRMGR" type="String" label="Brmgr" length="200" />
    <field name="MainPhone" type="String" label="MainPhone" length="200" />
    <field name="FAXAnalogFXSports" type="String" label="FAXAnalogFXSports" length="200" />
    <field name="Paging911FXOports" type="Double" label="Paging911FXOports" />
    <field name="IPTYNexisting" type="String" label="IPTYNexisting" length="200">
      <items style="Lookup" dataController="ctlIPTYNExistingType" dataView="grid1" dataValueField="IPTYNexisting" />
    </field>
    <field name="IPTConversionDatePlanned" type="DateTime" label="IPTConversionDatePlanned" showInSummary="true" />
    <field name="Devcs" type="Double" label="Devcs" />
    <field name="Users" type="String" label="Users" length="200" />
    <field name="EUCVoicePM" type="String" label="EUCVoicePM" length="200">
      <items style="Lookup" dataController="EUC_VOICE_PM" dataView="grid1" dataValueField="EUCVoicePM" />
    </field>
    <field name="IPTSiteStatus" type="String" label="IPTSiteStatus" length="200" showInSummary="true" />
    <field name="REFRESHType" type="String" label="REFRESHType" length="200" />
    <field name="ISSUEStatus" type="String" label="ISSUEStatus" length="200" />
    <field name="Issuenotes" type="String" allowQBE="false" allowSorting="false" label="Issuenotes               &amp;nbsp;&amp;nbsp;&amp;nbsp;&amp;nbsp;&amp;nbsp;&amp;nbsp;&amp;nbsp;&amp;nbsp;&amp;nbsp;&amp;nbsp;&amp;nbsp;&amp;nbsp;&amp;nbsp;&amp;nbsp;&amp;nbsp;" />
    <field name="IssueOwner" type="String" label="IssueOwner" length="200" />
    <field name="IssueStart" type="DateTime" label="IssueStart" />
    <field name="IssueType" type="String" label="IssueType" length="200">
      <items style="Lookup" dataController="Issue_Status" dataView="grid1" dataValueField="IssueType" />
    </field>
    <field name="SwitchRefr" type="String" label="WLANSwitchRefr" length="200">
      <items style="Lookup" dataController="SWITCH_REF" dataView="grid1" dataValueField="SwitchRefr" />
    </field>
    <field name="n3750xSwReqd" type="Double" label="SwReqd" />
    <field name="ReadinessDeploy" type="String" label="Readiness Deploy" htmlEncode="false" hidden="false" length="250" showInSummary="true">
      <items letters="false" />
    </field>
    <field name="RTRProjPhoenix" type="String" label="RTRProj Phoenix" htmlEncode="false" hidden="false" length="255">
      <items letters="false" />
    </field>
    <field name="Issue" type="Boolean" label="Issue" allowQBE="false" allowSorting="false" showInSummary="true" htmlEncode="false" calculated="true" hidden="false" readOnly="true">
      <items letters="false" />
    </field>
    <field name="BOM_ROUTERTYPE" type="String" label="New Router Model" htmlEncode="false" hidden="false" length="200">
      <items style="DropDownList" dataController="ctlBOMROUTERTYPE" dataView="grid1" dataValueField="BOMROUTERTYPE" letters="false" />
    </field>
    <field name="ReadinessEquipmentStatus" type="String" label="Readiness Equipment Status" readOnly="true" htmlEncode="false" hidden="false" length="200">
      <items style="DropDownList" dataController="ReadinessEquipmentStatus" dataView="grid1" dataValueField="ReadinessEquipStatus" letters="false" />
    </field>
    <field name="SiteVisits" type="UInt32" readOnly="true" label="SiteVisit#" htmlEncode="false" hidden="false">
      <items letters="false" />
    </field>
    <field name="f2016CktReview" type="String" label="2016 Ckt Review" allowQBE="false" allowSorting="false" htmlEncode="false" hidden="false" length="255">
      <items style="DropDownList" letters="false">
        <item value="Rvw not needed" text="Rvw not needed" />
        <item value="2015 Info Valid" text="2015 Info Valid" />
        <item value="2016 Updates Needed" text="2016 Updates Needed" />
        <item value="2016 Updates Entered" text="2016 Updates Entered" />
      </items>
    </field>
  </fields>
  <views>
    <view id="grid1" type="DataSheet" commandId="command1" label="Cpg Site Readiness">
      <headerText>$DefaultGridViewDescription</headerText>
      <dataFields>
        <dataField fieldName="SITE_ALIAS" readOnly="true" />
        <dataField fieldName="SiteVisits" columns="15" />
        <dataField fieldName="Issue" />
        <dataField fieldName="MAC5" columns="15" hidden="true" />
        <dataField fieldName="Floor" columns="2" hidden="true" />
        <dataField fieldName="BranchName" />
        <dataField fieldName="ReadinessDeploy" />
        <dataField fieldName="SiteNotes" rows="5" textMode="RichText" />
        <dataField fieldName="EUCCoordinators" />
        <dataField fieldName="EUCRegn" />
        <dataField fieldName="VendorWLANNtwk" />
        <dataField fieldName="IPTPhase" />
        <dataField fieldName="RouterUpgrStatus" />
        <dataField fieldName="CktUpgrStatus" />
        <dataField fieldName="IPTNetEng" />
        <dataField fieldName="RouterName" />
        <dataField fieldName="RtrMdlCurrent" />
        <dataField fieldName="BOM_ROUTERTYPE" rows="5" />
        <dataField fieldName="ReadinessEquipmentStatus" rows="5" readOnly="true"/>
        <dataField fieldName="IPTSwitchReplacement" />
        <dataField fieldName="f2016CktReview" rows="5" />
        <dataField fieldName="CurrentBndwdth" />
        <dataField fieldName="BndwdthUpgrdyesno" />
        <dataField fieldName="RecmdUpgrdCktsize" />
        <dataField fieldName="CktUpgrType" />
        <dataField fieldName="CktUpgLeadTime" />
        <dataField fieldName="RtrCktUpgrPlanned" columns="10" />
        <dataField fieldName="CktRtrCR" />
        <dataField fieldName="CktOrdered" columns="10" />
        <dataField fieldName="CktReqstdDue" columns="10" />
        <dataField fieldName="CktExtensionPlanned" columns="10" />
        <dataField fieldName="CMPVZNOrder" />
        <dataField fieldName="CktCarrierDueDate" />
        <dataField fieldName="VRZScriptReceived" columns="10" />
        <dataField fieldName="VRZcktnewsubnet" />
        <dataField fieldName="VRZcktnewIPPE" />
        <dataField fieldName="VRZcktnewIPCE" />
        <dataField fieldName="VZNCktDelvrd" columns="10" />
        <dataField fieldName="VRZnewCktID" />
        <dataField fieldName="VZNFOC" columns="10" />
        <dataField fieldName="CMPCTLorder" />
        <dataField fieldName="CTLScriptReceived" columns="10" />
        <dataField fieldName="CTLcktnewsubnet" />
        <dataField fieldName="CTLcktnewIPPE" />
        <dataField fieldName="CTLcktnewIPCE" />
        <dataField fieldName="CTLCktDelvrd" columns="10" />
        <dataField fieldName="CTLNewCktID" />
        <dataField fieldName="CTLFOC" columns="10" />
        <dataField fieldName="MACCode" columns="50" />
        <dataField fieldName="Address1" />
        <dataField fieldName="Address2" />
        <dataField fieldName="City" />
        <dataField fieldName="State" />
        <dataField fieldName="ZipCode" />
        <dataField fieldName="DemarcLctn" />
        <dataField fieldName="COI" />
        <dataField fieldName="RtrCktUpgrActual" columns="10" />
        <dataField fieldName="BRMGR" />
        <dataField fieldName="MainPhone" />
        <dataField fieldName="FAXAnalogFXSports" />
        <dataField fieldName="Paging911FXOports" columns="15" />
        <dataField fieldName="IPTYNexisting" />
        <dataField fieldName="IPTConversionDatePlanned" columns="10" />
        <dataField fieldName="Devcs" columns="15" />
        <dataField fieldName="Users" />
        <dataField fieldName="EUCVoicePM" />
        <dataField fieldName="IPTSiteStatus" />
        <dataField fieldName="REFRESHType" />
        <dataField fieldName="SwitchRefr" />
        <dataField fieldName="n3750xSwReqd" columns="15" />
        <dataField fieldName="ID" hidden="true" />
      </dataFields>
    </view>
  </views>
  <actions>
    <actionGroup id="ag1" scope="Grid">
      <action id="a1" commandName="Select" />
      <action id="a2" commandName="Edit" />
      <action id="a101" />
      <action commandArgument="NSA_Address_Info.aspx?_controller=NSA_Address_Info&amp;ID={ID}&amp;_commandName=Select&amp;_commandArgument=grid1" id="a100" commandName="Navigate" headerText="Goto the same record in Enterprise" description="Navigate to Enterprise page using selected record." />
    </actionGroup>
    <actionGroup id="ag6" scope="ActionBar" headerText="Record">
      <action id="a1" whenLastCommandName="Edit" commandName="Update" />
      <action id="a2" whenLastCommandName="Edit" commandName="Cancel" />
    </actionGroup>
    <actionGroup id="ag4" scope="ActionBar" headerText="Edit" flat="true">
      <action id="a1" whenKeySelected="true" commandName="Edit" cssClass="EditIcon" whenView="grid1" />
    </actionGroup>
    <actionGroup id="ag5" scope="ActionBar" headerText="Actions">
      <action id="a1" commandName="ExportCsv" headerText="Export to Spreadsheet" />
      <action id="a2" />
      <action id="a5" />
    </actionGroup>
    <actionGroup id="ag100" scope="ActionBar" headerText="Goto the same record in Enterprise" flat="true">
      <action commandName="Navigate" commandArgument="NSA_Address_Info.aspx?_controller=NSA_Address_Info&amp;ID={ID}&amp;_commandName=Select&amp;_commandArgument=grid1" headerText="Goto the same record in Enterprise" id="a100" description="Navigate to Enterprise page using selected record." />
    </actionGroup>
  </actions>
  <businessRules>
    <rule id="r101" commandName="Update" type="Sql" phase="Execute" name="KeepRtrCktUpgrPlannedDateHistory"><![CDATA[if @RtrCktUpgrPlanned_NewValue !=@RtrCktUpgrPlanned_OldValue
begin
insert into DatesHistorylog (tablename, columnname,parentid,oldvalue, newvalue,ModifiedDate,ModifyUser) 
values ('NSA_Address_Info','Rtr/Ckt Upgr Planned', @ID,@RtrCktUpgrPlanned_OldValue, 
@RtrCktUpgrPlanned_NewValue,getDate(),@BusinessRules_UserName)
end]]></rule>
    <rule id="r121" commandName="Update" type="Sql" phase="After" name="UpdateReadinessEquipmentStatusDate"><![CDATA[if @ReadinessEquipmentStatus_NewValue != @ReadinessEquipmentStatus_OldValue
 begin
 update "NSA_Address_Info" set "NSA_Address_Info"."Readiness Equipment Status Date"= getDate() 
 where "NSA_Address_Info"."ID"=@ID
 end]]></rule>
    <rule id="r100" commandName="Update" type="Sql" phase="Execute" name="FieldAudit"><![CDATA[if @BndwdthUpgrdyesno_NewValue !=@BndwdthUpgrdyesno_OldValue
begin
insert into Field_Audit (tablename, columnname,parentid,oldvalue, newvalue,ModifiedDate,ModifyUser) 
values ('NSA_Address_Info','BndwdthUpgrdyesno', @ID,@BndwdthUpgrdyesno_OldValue, 
@BndwdthUpgrdyesno_NewValue,getDate(),@BusinessRules_UserName)
end

if @CurrentBndwdth_NewValue !=@CurrentBndwdth_OldValue
begin
insert into Field_Audit (tablename, columnname,parentid,oldvalue, newvalue,ModifiedDate,ModifyUser) 
values ('NSA_Address_Info','CurrentBndwdth', @ID,@CurrentBndwdth_OldValue, 
@CurrentBndwdth_NewValue,getDate(),@BusinessRules_UserName)
end


if @RecmdUpgrdCktsize_NewValue !=@RecmdUpgrdCktsize_OldValue
begin
insert into Field_Audit (tablename, columnname,parentid,oldvalue, newvalue,ModifiedDate,ModifyUser) 
values ('NSA_Address_Info','RecmdUpgrdCktsize', @ID,@RecmdUpgrdCktsize_OldValue, 
@RecmdUpgrdCktsize_NewValue,getDate(),@BusinessRules_UserName)
end


if @CTLcktnewsubnet_NewValue !=@CTLcktnewsubnet_OldValue
begin
insert into Field_Audit (tablename, columnname,parentid,oldvalue, newvalue,ModifiedDate,ModifyUser) 
values ('NSA_Address_Info','CTLcktnewsubnet', @ID,@CTLcktnewsubnet_OldValue, 
@CTLcktnewsubnet_NewValue,getDate(),@BusinessRules_UserName)
end

if @CTLcktnewIPCE_NewValue !=@CTLcktnewIPCE_OldValue
begin
insert into Field_Audit (tablename, columnname,parentid,oldvalue, newvalue,ModifiedDate,ModifyUser) 
values ('NSA_Address_Info','CTLcktnewIPCE', @ID,@CTLcktnewIPCE_OldValue, 
@CTLcktnewIPCE_NewValue,getDate(),@BusinessRules_UserName)
end

if @CTLcktnewIPPE_NewValue !=@CTLcktnewIPPE_OldValue
begin
insert into Field_Audit (tablename, columnname,parentid,oldvalue, newvalue,ModifiedDate,ModifyUser) 
values ('NSA_Address_Info','CTLcktnewIPPE', @ID,@CTLcktnewIPPE_OldValue, 
@CTLcktnewIPPE_NewValue,getDate(),@BusinessRules_UserName)
end



if @VRZcktnewsubnet_NewValue !=@VRZcktnewsubnet_OldValue
begin
insert into Field_Audit (tablename, columnname,parentid,oldvalue, newvalue,ModifiedDate,ModifyUser) 
values ('NSA_Address_Info','VRZcktnewsubnet', @ID,@VRZcktnewsubnet_OldValue, 
@VRZcktnewsubnet_NewValue,getDate(),@BusinessRules_UserName)
end


if @VRZcktnewIPCE_NewValue !=@VRZcktnewIPCE_OldValue
begin
insert into Field_Audit (tablename, columnname,parentid,oldvalue, newvalue,ModifiedDate,ModifyUser) 
values ('NSA_Address_Info','VRZcktnewIPCE', @ID,@VRZcktnewIPCE_OldValue, 
@VRZcktnewIPCE_NewValue,getDate(),@BusinessRules_UserName)
end

if @VRZcktnewIPPE_NewValue !=@VRZcktnewIPPE_OldValue
begin
insert into Field_Audit (tablename, columnname,parentid,oldvalue, newvalue,ModifiedDate,ModifyUser) 
values ('NSA_Address_Info','VRZcktnewIPPE', @ID,@VRZcktnewIPPE_OldValue, 
@VRZcktnewIPPE_NewValue,getDate(),@BusinessRules_UserName)
end


if @CktUpgrType_NewValue !=@CktUpgrType_OldValue
begin
insert into Field_Audit (tablename, columnname,parentid,oldvalue, newvalue,ModifiedDate,ModifyUser) 
values ('NSA_Address_Info','CktUpgrType', @ID,@CktUpgrType_OldValue, 
@CktUpgrType_NewValue,getDate(),@BusinessRules_UserName)
end]]></rule>
  </businessRules>
</dataController>