﻿<?xml version="1.0" encoding="utf-8"?>
<dataController name="CPG_NETWORK_DESIGN_WLAN" conflictDetection="overwriteChanges" label="Cpg Network Design Wlan" xmlns="urn:schemas-codeontime-com:data-aquarium">
  <commands>
    <command id="command1" type="Text">
      <text><![CDATA[select
	"NSA_Address_Info"."ID" "ID"
	,"NSA_Address_Info"."SITE_ALIAS" "SITE_ALIAS"
	,"NSA_Address_Info"."SiteVisit#" "SiteVisits"
	,"NSA_Address_Info"."Floor" "Floor"
	,"NSA_Address_Info"."MAC" "MAC5"
	,"NSA_Address_Info"."WLAN Deploy" "WLANDeploy"
	,"NSA_Address_Info"."Branch Name" "BranchName"
	,"NSA_Address_Info"."WLAN Status" "WLANStatus"
	,"NSA_Address_Info"."Pred Surv Actual" "PredSurvActual"
	,"NSA_Address_Info"."Cntrllr Type" "CntrllrType"
	,"NSA_Address_Info"."WSSI/Monitor" "WSSIMonitor"
	,"NSA_Address_Info"."APs Reqd" "APsReqd"
	,"NSA_Address_Info"."WSSI's Reqd" "WSSIsReqd"
	,"NSA_Address_Info"."Pwr Injs Rqrd" "PwrInjsRqrd"
	,"NSA_Address_Info"."WLAN Net-Eng" "WLANNetEng"
	,"NSA_Address_Info"."Switch Cpcty (Ports Avlb)" "SwitchCpctyPortsAvlb"
	,"NSA_Address_Info"."Switch Refr?" "SwitchRefr"
	,"NSA_Address_Info"."Switch ADD" "SwitchADD"
	,"NSA_Address_Info"."Switch Name" "SwitchName"
	,"NSA_Address_Info"."Switch Model" "SwitchModel"
	,"NSA_Address_Info"."WLAN BOM posted" "WLANBOMposted"
	,"NSA_Address_Info"."WSSI Assgnmt" "WSSIAssgnmt"
	,"NSA_Address_Info"."EUC Regn" "EUCRegn"
	,"NSA_Address_Info"."EUC Coordinator" "EUCCoordinator"
	,"NSA_Address_Info"."WLAN Install Planned Date" "WLANInstallPlannedDate"
	,"NSA_Address_Info"."WLAN CR#" "WLANCR"
	,"NSA_Address_Info"."CR Apprvd WLAN" "CRApprvdWLAN"
	,"NSA_Address_Info"."Router Name" "RouterName"
	,"NSA_Address_Info"."MAC Code" "MACCode"
	,"NSA_Address_Info"."Address 1" "Address1"
	,"NSA_Address_Info"."City" "City"
	,"NSA_Address_Info"."State" "State"
	,"NSA_Address_Info"."Zip Code" "ZipCode"
	,"NSA_Address_Info"."WLAN Install Actual Date" "WLANInstallActualDate"
	,"NSA_Address_Info"."#Users" "Users"
	,"NSA_Address_Info"."#Devcs" "Devcs"
	,"NSA_Address_Info"."WLAN Flr(s)" "WLANFlrs"
	,"NSA_Address_Info"."3750x Sw Reqd" "n3750xSwReqd"
	,"NSA_Address_Info"."Item Type" "ItemType"
from "dbo"."NSA_Address_Info" "NSA_Address_Info" where "NSA_Address_Info"."WLAN Deploy"  != 'OOS'
		Order by "NSA_Address_Info"."WLAN Status"  asc, "NSA_Address_Info"."WLAN Install Planned Date" asc]]></text>
    </command>
    <command id="IDIdentityCommand" type="Text" event="Inserted">
      <text><![CDATA[select @@identity]]></text>
      <output>
        <fieldOutput fieldName="ID" />
      </output>
    </command>
  </commands>
  <fields>
    <field name="ID" type="Int32" allowNulls="false" isPrimaryKey="true" label="Id" readOnly="true" hidden="true" />
    <field name="SITE_ALIAS" type="String" label="SiteAlias" length="255" showInSummary="true" />
    <field name="Floor" type="String" label="Floor" length="255" hidden="true" />
    <field name="MAC5" type="String" label="Mac5" length="255" hidden="true" />
    <field name="WLANDeploy" type="String" label="WLANDeploy" length="255" showInSummary="true">
      <items style="Lookup" dataController="WLAN_DEPLOY" dataView="grid1" dataValueField="WLANDeploy" />
    </field>
    <field name="BranchName" type="String" label="BranchName" length="255" showInSummary="true" />
    <field name="WLANStatus" type="String" label="WLANStatus" length="255" showInSummary="true">
      <items style="Lookup" dataController="ctlWLANSTATUS" dataView="grid1" dataValueField="WLANSTATUS" />
    </field>
    <field name="PredSurvActual" type="DateTime" label="PredSurvActual" showInSummary="true" />
    <field name="CntrllrType" type="String" label="CntrllrType" length="255" />
    <field name="WSSIMonitor" type="String" label="WSSIMonitor" length="255">
      <items style="Lookup" dataController="WSSI_MNTR" dataView="grid1" dataValueField="WSSIMonitor" />
    </field>
    <field name="APsReqd" type="Double" label="APsReqd" />
    <field name="WSSIsReqd" type="Double" label="WSSIsReqd" showInSummary="true" />
    <field name="PwrInjsRqrd" type="Double" label="PwrInjsRqrd" showInSummary="true" />
    <field name="WLANNetEng" type="String" label="WLANNetEng" length="255">
      <items style="Lookup" dataController="WLAN_NET_ENG" dataView="grid1" dataValueField="WLANNetEng" />
    </field>
    <field name="SwitchCpctyPortsAvlb" type="String" label="SwitchCpctyPortsAvlb" length="255" />
    <field name="SwitchRefr" type="String" label="WLANSwitchRefr" length="255">
      <items style="Lookup" dataController="SWITCH_REF" dataView="grid1" dataValueField="SwitchRefr" />
    </field>
    <field name="SwitchADD" type="String" label="SwitchADD" length="255" />
    <field name="SwitchName" type="String" label="SwitchName" length="255" />
    <field name="SwitchModel" type="String" label="SwitchModel" length="255">
      <items style="Lookup" dataController="SWITCH_MODEL" dataView="grid1" dataValueField="SwitchModel" />
    </field>
    <field name="WLANBOMposted" type="DateTime" label="WLANBOMposted" showInSummary="true" />
    <field name="WSSIAssgnmt" type="String" label="WSSIAssgnmt" length="255" />
    <field name="EUCRegn" type="String" label="EUCRegn" length="255">
      <items style="Lookup" dataController="EUC_REGION" dataView="grid1" dataValueField="EUCRegion" />
    </field>
    <field name="EUCCoordinator" type="String" label="EUCCoordinator" length="255">
      <items style="Lookup" dataController="EUC_COORD" dataView="grid1" dataValueField="EUCCoordinator" />
    </field>
    <field name="WLANInstallPlannedDate" type="DateTime" label="WLANInstallPlannedDate" showInSummary="true" />
    <field name="WLANCR" type="String" label="WLANCR" length="255" />
    <field name="CRApprvdWLAN" type="Boolean" label="CRApprvdWLAN" />
    <field name="RouterName" type="String" label="RouterName" length="255" />
    <field name="MACCode" type="String" label="MACCode" length="255" showInSummary="true" />
    <field name="Address1" type="String" label="Address1" length="255" />
    <field name="City" type="String" label="City" length="255" />
    <field name="State" type="String" label="State" length="255" />
    <field name="ZipCode" type="String" label="ZipCode" length="255" />
    <field name="WLANInstallActualDate" type="DateTime" label="WLANInstallActualDate" />
    <field name="Users" type="String" label="Users" length="255" />
    <field name="Devcs" type="Double" label="Devcs" />
    <field name="WLANFlrs" type="String" label="WLANFlrs" length="255" />
    <field name="n3750xSwReqd" type="Int32" label="SwReqd" length="255" />
    <field name="ItemType" type="String" label="ItemType" length="255" />
    <field name="SiteVisits" type="UInt32" readOnly="true" label="SiteVisit#" htmlEncode="false" hidden="false">
      <items letters="false" />
    </field>
  </fields>
  <views>
    <view id="grid1" type="DataSheet" commandId="command1" label="Network Design WLAN" access="Public">
      <headerText />
      <dataFields>
        <dataField fieldName="SITE_ALIAS" readOnly="true" />
        <dataField fieldName="SiteVisits" columns="15" />
        <dataField fieldName="Floor" hidden="true" />
        <dataField fieldName="MAC5" hidden="true" />
        <dataField fieldName="WLANDeploy" aggregate="Count" />
        <dataField fieldName="BranchName" readOnly="true" />
        <dataField fieldName="WLANStatus" />
        <dataField fieldName="PredSurvActual" columns="10" />
        <dataField fieldName="CntrllrType" />
        <dataField fieldName="WSSIMonitor" />
        <dataField fieldName="APsReqd" columns="15" />
        <dataField fieldName="WSSIsReqd" columns="15" />
        <dataField fieldName="PwrInjsRqrd" columns="15" />
        <dataField fieldName="WLANNetEng" />
        <dataField fieldName="SwitchCpctyPortsAvlb" />
        <dataField fieldName="SwitchRefr" />
        <dataField fieldName="SwitchADD" />
        <dataField fieldName="SwitchName" />
        <dataField fieldName="SwitchModel" />
        <dataField fieldName="WLANBOMposted" columns="10" />
        <dataField fieldName="WSSIAssgnmt" />
        <dataField fieldName="EUCRegn" />
        <dataField fieldName="EUCCoordinator" />
        <dataField fieldName="WLANInstallPlannedDate" columns="10" />
        <dataField fieldName="WLANCR" />
        <dataField fieldName="CRApprvdWLAN" />
        <dataField fieldName="RouterName" />
        <dataField fieldName="MACCode" />
        <dataField fieldName="Address1" readOnly="true" />
        <dataField fieldName="City" readOnly="true" />
        <dataField fieldName="State" />
        <dataField fieldName="ZipCode" readOnly="true" />
        <dataField fieldName="WLANInstallActualDate" columns="10" />
        <dataField fieldName="Users" />
        <dataField fieldName="Devcs" columns="15" />
        <dataField fieldName="WLANFlrs" />
        <dataField fieldName="n3750xSwReqd" />
        <dataField fieldName="ItemType" />
        <dataField fieldName="ID" hidden="true" />
      </dataFields>
    </view>
  </views>
  <actions>
    <actionGroup id="ag6" scope="ActionBar" headerText="Record">
      <action id="a1" whenLastCommandName="Edit" commandName="Update" />
      <action id="a2" whenLastCommandName="Edit" commandName="Cancel" />
    </actionGroup>
    <actionGroup id="ag5" scope="ActionBar" headerText="Actions">
      <action id="a1" commandName="ExportCsv" headerText="Export to Spreadsheet" />
      <action id="a2" />
      <action id="a5" />
    </actionGroup>
    <actionGroup id="ag4" scope="ActionBar" headerText="Edit" flat="true">
      <action id="a1" whenKeySelected="true" commandName="Edit" cssClass="EditIcon" whenView="grid1" />
    </actionGroup>
    <actionGroup id="ag1" scope="Grid">
      <action id="a1" commandName="Select" />
      <action id="a2" commandName="Edit" />
      <action id="a101" />
      <action commandArgument="NSA_Address_Info.aspx?_controller=NSA_Address_Info&amp;ID={ID}&amp;_commandName=Select&amp;_commandArgument=grid1" id="a100" commandName="Navigate" headerText="Goto the same record in Enterprise" description="Navigate to Enterprise page using selected record." />
    </actionGroup>
    <actionGroup id="ag100" scope="ActionBar" headerText="Goto the same record in Enterprise" flat="true">
      <action commandName="Navigate" commandArgument="NSA_Address_Info.aspx?_controller=NSA_Address_Info&amp;ID={ID}&amp;_commandName=Select&amp;_commandArgument=grid1" headerText="Goto the same record in Enterprise" id="a100" description="Navigate to Enterprise page using selected record." />
    </actionGroup>
  </actions>
  <businessRules>
    <rule id="r102" commandName="Update" type="Sql" phase="Execute" name="KeepWLANPlannedInstallDate"><![CDATA[if @WLANInstallPlannedDate_NewValue !=@WLANInstallPlannedDate_OldValue
begin
insert into DatesHistorylog (tablename, columnname,parentid,oldvalue, newvalue,ModifiedDate,ModifyUser) 
values ('NSA_Address_Info','WLAN PLANNED INSTALL DATE', @ID,@WLANInstallPlannedDate_OldValue, 
@WLANInstallPlannedDate_NewValue,getDate(),@BusinessRules_UserName)
end]]></rule>
  </businessRules>
</dataController>