﻿<?xml version="1.0" encoding="utf-8"?>
<dataController name="CPG_NETWORK_DESIGN_IPT" conflictDetection="overwriteChanges" label="Cpg Network Design Ipt" xmlns="urn:schemas-codeontime-com:data-aquarium">
  <commands>
    <command id="command1" type="Text">
      <text><![CDATA[select
	"NSA_Address_Info"."ID" "ID"
	,"NSA_Address_Info"."SITE_ALIAS" "SITE_ALIAS"
	,"NSA_Address_Info"."SiteVisit#" "SiteVisits"
	,"NSA_Address_Info"."MAC" "MAC5"
	,"NSA_Address_Info"."Floor" "Floor"
	,"NSA_Address_Info"."Readiness Deploy" "ReadinessDeploy"
	,"NSA_Address_Info"."Site Notes" "SiteNotes"
	,"NSA_Address_Info"."IPT Phase" "IPTPhase"
	,"NSA_Address_Info"."Bndwdth Upgrd (yes/no)" "BndwdthUpgrdyesno"
	,"NSA_Address_Info"."Current Bndwdth" "CurrentBndwdth"
	,"NSA_Address_Info"."Recmd Upgrd Ckt size" "RecmdUpgrdCktsize"
	,"NSA_Address_Info"."Ckt Upgr Status" "CktUpgrStatus"
	,"NSA_Address_Info"."Router Refr?" "RouterRefr"
	,"NSA_Address_Info"."Router Name" "RouterName"
	,"NSA_Address_Info"."Rtr Mdl Current" "RtrMdlCurrent"
	,"NSA_Address_Info"."Router Upgr Status" "RouterUpgrStatus"
	,"NSA_Address_Info"."Ckt/Rtr CR#" "CktRtrCR"
	,"NSA_Address_Info"."Rtr/Ckt Upgr Planned" "RtrCktUpgrPlanned"
	,"NSA_Address_Info"."Rtr/Ckt Upgr Actual" "RtrCktUpgrActual"
	,"NSA_Address_Info"."EUC Coordinator" "EUCCoordinator"
	,"NSA_Address_Info"."IPT Site Status" "IPTSiteStatus"
	,"NSA_Address_Info"."IPT Conversion Date Planned" "IPTConversionDatePlanned"
	,"NSA_Address_Info"."IPT Conversion Date Actual" "IPTConversionDateActual"
	,"NSA_Address_Info"."EUC Voice PM" "EUCVoicePM"
	,"NSA_Address_Info"."#Users" "Users"
	,"NSA_Address_Info"."Final Router Type" "RouterType"
	,"NSA_Address_Info"."Bench Router Type" "BenchRouterType"
	,"NSA_Address_Info"."Bench Switch Type" "BenchSwitchType"
	,"NSA_Address_Info"."Hardware Benched" "HardwareBenched"
	,"NSA_Address_Info"."Hardware Configured" "HardwareConfigured"
	,"NSA_Address_Info"."Hardware Shipped" "HardwareShipped"
	,"NSA_Address_Info"."VRZ new LEC ID" "VRZnewLECID"
	,"NSA_Address_Info"."VRZ new Ckt ID" "VRZnewCktID"
	,"NSA_Address_Info"."CTL new LEC ID" "CTLnewLECID"
	,"NSA_Address_Info"."CTL New Ckt ID" "CTLNewCktID"
	,"NSA_Address_Info"."Address 1" "Address1"
	,"NSA_Address_Info"."Address 2" "Address2"
	,"NSA_Address_Info"."MAC Code" "MACCode"
	,"NSA_Address_Info"."City" "City"
	,"NSA_Address_Info"."State" "State"
	,"NSA_Address_Info"."Zip Code" "ZipCode"
	,"NSA_Address_Info"."#Devcs" "Devcs"
	,"NSA_Address_Info"."#FAX-Analog FXS ports" "FAXAnalogFXSports"
	,"NSA_Address_Info"."Fax(analog) numbers" "Faxanalognumbers"
	,"NSA_Address_Info"."Port Assignments (Analog)" "PortAssignmentsAnalog"
	,"NSA_Address_Info"."#Paging/911 FXO ports" "Paging911FXOports"
	,"NSA_Address_Info"."Cluster Alias" "ClusterAlias"
	,"NSA_Address_Info"."Cluster Bias" "ClusterBias"
	,"NSA_Address_Info"."TFTP 1 IP Address" "TFTP1IPAddress"
	,"NSA_Address_Info"."TFTP 2 IP Address" "TFTP2IPAddress"
	,"NSA_Address_Info"."CTL ckt new subnet" "CTLcktnewsubnet"
	,"NSA_Address_Info"."CTL ckt new IP CE" "CTLcktnewIPCE"
	,"NSA_Address_Info"."CTL ckt new IP PE" "CTLcktnewIPPE"
	,"NSA_Address_Info"."VRZ ckt new subnet" "VRZcktnewsubnet"
	,"NSA_Address_Info"."VRZ ckt new IP CE" "VRZcktnewIPCE"
	,"NSA_Address_Info"."VRZ ckt new IP PE" "VRZcktnewIPPE"
	,"NSA_Address_Info"."Switch Cpcty (Ports Avlb)" "SwitchCpctyPortsAvlb"
	,"NSA_Address_Info"."IPT Switch Replacement" "IPTSwitchReplacement"
	,"NSA_Address_Info"."3750x Sw Reqd" "n3750xSwReqd"
	,"NSA_Address_Info"."911 Line number" "n911Linenumber"
	,"NSA_Address_Info"."DID Numbers (New)" "DIDNumbersNew"
	,"NSA_Address_Info"."DID numbers porting" "DIDnumbersporting"
	,"NSA_Address_Info"."911 Port Assignments" "n911PortAssignments"
	,"NSA_Address_Info"."Voice Info complete" "VoiceInfocomplete"
	,"NSA_Address_Info"."Main Phone#" "MainPhone"
	,"NSA_Address_Info"."IPT Net Scrub" "IPTNetScrub"
	,"NSA_Address_Info"."Internal Dialing" "InternalDialing"
	,"NSA_Address_Info"."Paging" "Paging"
	,"NSA_Address_Info"."IPT Net Eng" "IPTNetEng"
	,"NSA_Address_Info"."Ckt-Rtr Net-Eng" "CktRtrNetEng"
	,"NSA_Address_Info"."Loopback 1 address" "Loopback1address"
	,"NSA_Address_Info"."DNS domain name" "DNSdomainname"
	,"NSA_Address_Info"."Conference bridge" "Conferencebridge"
                ,"NSA_Address_Info"."IPT(Y/N existing?)" "IPTYNexisting"
	,"NSA_Address_Info"."VG224/EVM/FXS-FXO" "VG224EVMFXSFXO"
	,"NSA_Address_Info"."Module slot (forEVM/FXS)" "ModuleslotforEVMFXS"
	,"NSA_Address_Info"."FXO port for 911" "FXOportfor911"
	,"NSA_Address_Info"."FXO port for paging" "FXOportforpaging"
	,"NSA_Address_Info"."Item Type" "ItemType"
from "dbo"."NSA_Address_Info" "NSA_Address_Info" where "NSA_Address_Info"."IPT(Y/N existing?)" !='Y' and "NSA_Address_Info"."Readiness Deploy" !='OOS'
	order by "NSA_Address_Info"."IPT Phase" asc,"NSA_Address_Info"."Rtr/Ckt Upgr Planned" asc

]]></text>
    </command>
  </commands>
  <fields>
    <field name="ID" type="Int32" allowNulls="false" isPrimaryKey="true" label="Id" readOnly="true" hidden="true" />
    <field name="SITE_ALIAS" type="String" label="SiteAlias" length="255" showInSummary="true" readOnly="true" />
    <field name="City" type="String" label="City" length="255" />
    <field name="IPTPhase" type="String" label="IPTPhase" length="255" showInSummary="true">
      <items style="Lookup" dataController="IPT_Phase" dataView="grid1" dataValueField="IPTPhase" />
    </field>
    <field name="MAC5" type="String" label="Mac5" length="255" hidden="true" />
    <field name="Floor" type="String" label="Floor" length="255" hidden="true" />
    <field name="ReadinessDeploy" type="String" label="ReadinessDeploy" length="255" showInSummary="true" />
    <field name="SiteNotes" type="String" label="SiteNotes                            " showInSummary="true" allowQBE="false" allowSorting="false" />
    <field name="RtrCktUpgrPlanned" type="DateTime" label="RtrCktUpgrPlanned" showInSummary="true" />
    <field name="CktRtrCR" type="String" label="CktRtrCR" length="255" />
    <field name="RtrCktUpgrActual" type="DateTime" label="RtrCktUpgr Actual" />
    <field name="EUCCoordinator" type="String" label="EUCCoordinator" length="255">
      <items style="Lookup" dataController="EUC_COORD" dataView="grid1" dataValueField="EUCCoordinator" />
    </field>
    <field name="IPTNetEng" type="String" label="IPTNetEng" length="255">
      <items style="Lookup" dataController="ctlIPT_NET_ENG" dataView="grid1" dataValueField="IPTNetEng" />
    </field>
    <field name="EUCVoicePM" type="String" label="EUCVoicePM" length="255">
      <items style="Lookup" dataController="EUC_VOICE_PM" dataView="grid1" dataValueField="EUCVoicePM" />
    </field>
    <field name="BndwdthUpgrdyesno" type="String" label="Bndwdth Upgrd (yes/no)" length="255">
      <items style="DropDownList">
        <item value="Yes" text="Yes" />
        <item value="No" text="No" />
        <item value="Proactive" text="Proactive" />
      </items>
    </field>
    <field name="CurrentBndwdth" type="String" label="CurrentBndwdth" length="255" />
    <field name="RecmdUpgrdCktsize" type="String" label="RecmdUpgrdCktsize" length="255" />
    <field name="RtrMdlCurrent" type="String" label="RtrMdlCurrent" length="255" />
    <field name="RouterRefr" type="String" label="RouterRefr" length="255" showInSummary="true">
      <items style="Lookup" dataController="ROUTER_REF" dataView="grid1" dataValueField="RTR_REF" />
    </field>
    <field name="RouterName" type="String" label="RouterName" length="255" />
    <field name="DNSdomainname" type="String" label="DNSdomainname" length="255" />
    <field name="RouterType" type="String" label="FinalRouterType" allowQBE="false" allowSorting="false" htmlEncode="false" hidden="false">
      <items letters="false" style="Lookup" dataController="Router_Type" dataView="grid1" dataValueField="Router_Type" />
    </field>
    <field name="Loopback1address" type="String" label="Loopback1address" length="255" />
    <field name="Conferencebridge" type="String" label="Conferencebridge" length="255" />
    <field name="CktUpgrStatus" type="String" label="CktUpgrStatus" length="255">
      <items style="Lookup" dataController="CKT_UPGRD_STATUS" dataView="grid1" dataValueField="Ckt_Upgrd_Status" />
    </field>
    <field name="RtrMdlRcmd" type="String" label="RtrMdlRcmd" length="255" />
    <field name="RouterUpgrStatus" type="String" label="RouterUpgrStatus" length="255">
      <items style="Lookup" dataController="ctlRouter_Upgr_Status" dataView="grid1" dataValueField="RouterUpgrStatus" />
    </field>
    <field name="IPTSiteStatus" type="String" label="IPTSiteStatus" length="255" />
    <field name="IPTConversionDatePlanned" type="DateTime" label="IPTConversionDatePlanned" showInSummary="true" />
    <field name="IPTConversionDateActual" type="DateTime" label="IPTConversionDateActual" />
    <field name="Users" type="String" label="Users" length="255" />
    <field name="Address1" type="String" label="Address1" length="255" />
    <field name="Address2" type="String" label="Address2" length="255" />
    <field name="MACCode" type="String" label="MACCode" length="255" showInSummary="true" />
    <field name="State" type="String" label="State" length="255" />
    <field name="ZipCode" type="String" label="ZipCode" length="255" />
    <field name="Devcs" type="Double" label="Devcs" />
    <field name="FAXAnalogFXSports" type="Double" label="FAXAnalogFXSports" />
    <field name="Faxanalognumbers" type="String" label="Faxanalognumbers" length="255" />
    <field name="PortAssignmentsAnalog" type="String" label="PortAssignmentsAnalog" length="255" />
    <field name="Paging911FXOports" type="Double" label="Paging911FXOports" />
    <field name="ClusterAlias" type="String" label="ClusterAlias" length="255" />
    <field name="ClusterBias" type="String" label="ClusterBias" length="255" />
    <field name="TFTP1IPAddress" type="String" label="TFTP1IPAddress" length="255" />
    <field name="TFTP2IPAddress" type="String" label="TFTP2IPAddress" length="255" />
    <field name="CTLcktnewsubnet" type="String" label="CTLcktnewsubnet" length="255" />
    <field name="CTLcktnewIPCE" type="String" label="CTLcktnewIPCE" length="255" />
    <field name="CTLcktnewIPPE" type="String" label="CTLcktnewIPPE" length="255" />
    <field name="VRZcktnewsubnet" type="String" label="VRZcktnewsubnet" length="255" />
    <field name="VRZcktnewIPCE" type="String" label="VRZcktnewIPCE" length="255" />
    <field name="VRZcktnewIPPE" type="String" label="VRZcktnewIPPE" length="255" />
    <field name="SwitchCpctyPortsAvlb" type="String" label="SwitchCpctyPortsAvlb" length="255" />
    <field name="IPTSwitchReplacement" type="String" label="IPTSwitchReplacement" length="255" showInSummary="true" />
    <field name="n3750xSwReqd" type="Double" label="SwReqd" />
    <field name="n911Linenumber" type="String" label="911Linenumber" length="255" />
    <field name="DIDNumbersNew" type="String" label="DIDNumbersNew" length="255" />
    <field name="DIDnumbersporting" type="String" label="DIDnumbersporting" length="255" />
    <field name="n911PortAssignments" type="String" label="911PortAssignments" length="255" />
    <field name="VoiceInfocomplete" type="Boolean" label="VoiceInfocomplete" />
    <field name="MainPhone" type="String" label="MainPhone" length="255" />
    <field name="IPTNetScrub" type="String" label="IPTNetScrub" length="255" />
    <field name="InternalDialing" type="String" label="InternalDialing" length="255" />
    <field name="Paging" type="String" label="Paging" length="255" />
    <field name="CktRtrNetEng" type="String" label="CktRtrNetEng" length="255" />
    <field name="VG224EVMFXSFXO" type="String" label="Vg224EvmFxsFxo" length="255" />
    <field name="ModuleslotforEVMFXS" type="String" label="ModuleslotforEVM FXS" length="255" />
    <field name="FXOportfor911" type="String" label="FXOportfor911" length="255" />
    <field name="FXOportforpaging" type="String" label="FXOportforpaging" length="255" />
    <field name="ItemType" type="String" label="ItemType" length="255" />
    <field name="BenchRouterType" type="String" label="BenchRouterType" htmlEncode="false" hidden="false" length="200">
      <items letters="false" />
    </field>
    <field name="BenchSwitchType" type="String" label="BenchSwitchType" htmlEncode="false" hidden="false" length="200">
      <items letters="false" />
    </field>
    <field name="HardwareBenched" type="String" label="HardwareBenched" htmlEncode="false" hidden="false" length="200">
      <items letters="false" />
    </field>
    <field name="HardwareConfigured" type="String" label="HardwareConfigured" htmlEncode="false" hidden="false" length="200">
      <items letters="false" />
    </field>
    <field name="HardwareShipped" type="String" label="HardwareShipped" htmlEncode="false" hidden="false" length="200">
      <items letters="false" />
    </field>
    <field name="VRZnewLECID" type="String" label="VRZnewLECID" htmlEncode="false" hidden="false" length="200">
      <items letters="false" />
    </field>
    <field name="VRZnewCktID" type="String" label="VRZnewCktID" htmlEncode="false" hidden="false" length="200">
      <items letters="false" />
    </field>
    <field name="CTLnewLECID" type="String" label="CTLnewLECID" htmlEncode="false" hidden="false" length="200">
      <items letters="false" />
    </field>
    <field name="CTLNewCktID" type="String" label="CTLNewCktID" htmlEncode="false" hidden="false" length="200">
      <items letters="false" />
    </field>
    <field name="IPTYNexisting" type="String" label="IPTYNexisting" htmlEncode="false" hidden="false" length="250">
      <items letters="false" />
    </field>
    <field name="SiteVisits" type="UInt32" readOnly="true" label="SiteVisit#" htmlEncode="false" hidden="false">
      <items letters="false" />
    </field>
  </fields>
  <views>
    <view id="grid1" type="DataSheet" commandId="command1" label="Network Design IPT" access="Public">
      <headerText />
      <dataFields>
        <dataField fieldName="SITE_ALIAS" readOnly="true" />
        <dataField fieldName="SiteVisits" columns="15" />
        <dataField fieldName="MAC5" rows="5" hidden="true" />
        <dataField fieldName="Floor" rows="5" hidden="true" />
        <dataField fieldName="City" rows="5" />
        <dataField fieldName="IPTPhase" rows="5" />
        <dataField fieldName="ReadinessDeploy" rows="5" />
        <dataField fieldName="SiteNotes" rows="5" textMode="RichText" />
        <dataField fieldName="RtrCktUpgrPlanned" columns="10" />
        <dataField fieldName="CktRtrCR" rows="5" />
        <dataField fieldName="RtrCktUpgrActual" columns="10" />
        <dataField fieldName="EUCCoordinator" rows="5" />
        <dataField fieldName="IPTNetEng" rows="5" />
        <dataField fieldName="EUCVoicePM" rows="5" />
        <dataField fieldName="BndwdthUpgrdyesno" rows="5" />
        <dataField fieldName="CurrentBndwdth" rows="5" />
        <dataField fieldName="RecmdUpgrdCktsize" rows="5" />
        <dataField fieldName="RtrMdlCurrent" rows="5" />
        <dataField fieldName="RouterRefr" rows="5" />
        <dataField fieldName="RouterName" rows="5" />
        <dataField fieldName="DNSdomainname" rows="5" />
        <dataField fieldName="RouterType" />
        <dataField fieldName="Loopback1address" rows="5" />
        <dataField fieldName="Conferencebridge" rows="5" />
        <dataField fieldName="VG224EVMFXSFXO" rows="5" />
        <dataField fieldName="ModuleslotforEVMFXS" rows="5" />
        <dataField fieldName="FXOportfor911" rows="5" />
        <dataField fieldName="FXOportforpaging" rows="5" />
        <dataField fieldName="Users" rows="5" />
        <dataField fieldName="Devcs" columns="15" />
        <dataField fieldName="IPTSwitchReplacement" rows="5" />
        <dataField fieldName="Address1" rows="5" />
        <dataField fieldName="Address2" rows="5" />
        <dataField fieldName="MACCode" rows="5" />
        <dataField fieldName="State" rows="5" />
        <dataField fieldName="ZipCode" rows="5" />
        <dataField fieldName="CktUpgrStatus" rows="5" />
        <dataField fieldName="IPTSiteStatus" rows="5" />
        <dataField fieldName="IPTConversionDatePlanned" columns="10" />
        <dataField fieldName="IPTConversionDateActual" columns="10" />
        <dataField fieldName="FAXAnalogFXSports" columns="15" />
        <dataField fieldName="Faxanalognumbers" rows="5" />
        <dataField fieldName="PortAssignmentsAnalog" rows="5" />
        <dataField fieldName="Paging911FXOports" columns="15" />
        <dataField fieldName="ClusterAlias" rows="5" />
        <dataField fieldName="ClusterBias" rows="5" />
        <dataField fieldName="TFTP1IPAddress" rows="5" />
        <dataField fieldName="TFTP2IPAddress" rows="5" />
        <dataField fieldName="VRZnewLECID" />
        <dataField fieldName="VRZnewCktID" />
        <dataField fieldName="VRZcktnewsubnet" rows="5" />
        <dataField fieldName="VRZcktnewIPPE" rows="5" />
        <dataField fieldName="VRZcktnewIPCE" rows="5" />
        <dataField fieldName="CTLnewLECID" />
        <dataField fieldName="CTLNewCktID" />
        <dataField fieldName="CTLcktnewsubnet" rows="5" />
        <dataField fieldName="CTLcktnewIPPE" rows="5" />
        <dataField fieldName="CTLcktnewIPCE" rows="5" />
        <dataField fieldName="n911Linenumber" rows="5" />
        <dataField fieldName="DIDNumbersNew" rows="5" />
        <dataField fieldName="DIDnumbersporting" rows="5" />
        <dataField fieldName="n911PortAssignments" rows="5" />
        <dataField fieldName="VoiceInfocomplete" />
        <dataField fieldName="MainPhone" rows="5" />
        <dataField fieldName="IPTNetScrub" rows="5" />
        <dataField fieldName="InternalDialing" rows="5" />
        <dataField fieldName="Paging" rows="5" />
        <dataField fieldName="BenchRouterType" />
        <dataField fieldName="BenchSwitchType" />
        <dataField fieldName="HardwareBenched" />
        <dataField fieldName="HardwareConfigured" />
        <dataField fieldName="HardwareShipped" />
        <dataField fieldName="ID" hidden="true" />
      </dataFields>
    </view>
  </views>
  <actions>
    <actionGroup id="ag6" scope="ActionBar" headerText="Record">
      <action id="a1" whenLastCommandName="Edit" commandName="Update" />
      <action id="a2" whenLastCommandName="Edit" commandName="Cancel" />
    </actionGroup>
    <actionGroup id="ag5" scope="ActionBar" headerText="Actions">
      <action id="a1" commandName="ExportCsv" headerText="Export to Spreadsheet" />
      <action id="a2" />
      <action id="a5" />
    </actionGroup>
    <actionGroup id="ag4" scope="ActionBar" headerText="Edit" flat="true">
      <action id="a1" whenKeySelected="true" commandName="Edit" cssClass="EditIcon" whenView="grd1" />
    </actionGroup>
    <actionGroup id="ag1" scope="Grid">
      <action id="a1" commandName="Select" />
      <action id="a2" commandName="Edit" />
      <action id="a101" />
      <action commandArgument="NSA_Address_Info.aspx?_controller=NSA_Address_Info&amp;ID={ID}&amp;_commandName=Select&amp;_commandArgument=grid1" id="a100" commandName="Navigate" headerText="Goto the same record in Enterprise" description="Navigate to Enterprise page using selected record." />
    </actionGroup>
    <actionGroup id="ag100" scope="ActionBar" headerText="Goto the same record in Enterprise" flat="true">
      <action commandName="Navigate" commandArgument="NSA_Address_Info.aspx?_controller=NSA_Address_Info&amp;ID={ID}&amp;_commandName=Select&amp;_commandArgument=grid1" headerText="Goto the same record in Enterprise" id="a100" description="Navigate to Enterprise page using selected record." />
    </actionGroup>
  </actions>
  <businessRules>
    <rule id="r101" commandName="Update" type="Sql" phase="Execute" name="KeepRtrCktUpgrPlannedDateHistory"><![CDATA[if @RtrCktUpgrPlanned_NewValue !=@RtrCktUpgrPlanned_OldValue
begin
insert into DatesHistorylog (tablename, columnname,parentid,oldvalue, newvalue,ModifiedDate,ModifyUser) 
values ('NSA_Address_Info','Rtr/Ckt Upgr Planned', @ID,@RtrCktUpgrPlanned_OldValue, 
@RtrCktUpgrPlanned_NewValue,getDate(),@BusinessRules_UserName)
end]]></rule>
    <rule id="r100" commandName="Update" type="Sql" phase="Execute" name="FieldAudit"><![CDATA[if @BndwdthUpgrdyesno_NewValue !=@BndwdthUpgrdyesno_OldValue
begin
insert into Field_Audit (tablename, columnname,parentid,oldvalue, newvalue,ModifiedDate,ModifyUser) 
values ('NSA_Address_Info','BndwdthUpgrdyesno', @ID,@BndwdthUpgrdyesno_OldValue, 
@BndwdthUpgrdyesno_NewValue,getDate(),@BusinessRules_UserName)
end

if @CurrentBndwdth_NewValue !=@CurrentBndwdth_OldValue
begin
insert into Field_Audit (tablename, columnname,parentid,oldvalue, newvalue,ModifiedDate,ModifyUser) 
values ('NSA_Address_Info','CurrentBndwdth', @ID,@CurrentBndwdth_OldValue, 
@CurrentBndwdth_NewValue,getDate(),@BusinessRules_UserName)
end


if @RecmdUpgrdCktsize_NewValue !=@RecmdUpgrdCktsize_OldValue
begin
insert into Field_Audit (tablename, columnname,parentid,oldvalue, newvalue,ModifiedDate,ModifyUser) 
values ('NSA_Address_Info','RecmdUpgrdCktsize', @ID,@RecmdUpgrdCktsize_OldValue, 
@RecmdUpgrdCktsize_NewValue,getDate(),@BusinessRules_UserName)
end


if @CTLcktnewsubnet_NewValue !=@CTLcktnewsubnet_OldValue
begin
insert into Field_Audit (tablename, columnname,parentid,oldvalue, newvalue,ModifiedDate,ModifyUser) 
values ('NSA_Address_Info','CTLcktnewsubnet', @ID,@CTLcktnewsubnet_OldValue, 
@CTLcktnewsubnet_NewValue,getDate(),@BusinessRules_UserName)
end

if @CTLcktnewIPCE_NewValue !=@CTLcktnewIPCE_OldValue
begin
insert into Field_Audit (tablename, columnname,parentid,oldvalue, newvalue,ModifiedDate,ModifyUser) 
values ('NSA_Address_Info','CTLcktnewIPCE', @ID,@CTLcktnewIPCE_OldValue, 
@CTLcktnewIPCE_NewValue,getDate(),@BusinessRules_UserName)
end

if @CTLcktnewIPPE_NewValue !=@CTLcktnewIPPE_OldValue
begin
insert into Field_Audit (tablename, columnname,parentid,oldvalue, newvalue,ModifiedDate,ModifyUser) 
values ('NSA_Address_Info','CTLcktnewIPPE', @ID,@CTLcktnewIPPE_OldValue, 
@CTLcktnewIPPE_NewValue,getDate(),@BusinessRules_UserName)
end



if @VRZcktnewsubnet_NewValue !=@VRZcktnewsubnet_OldValue
begin
insert into Field_Audit (tablename, columnname,parentid,oldvalue, newvalue,ModifiedDate,ModifyUser) 
values ('NSA_Address_Info','VRZcktnewsubnet', @ID,@VRZcktnewsubnet_OldValue, 
@VRZcktnewsubnet_NewValue,getDate(),@BusinessRules_UserName)
end


if @VRZcktnewIPCE_NewValue !=@VRZcktnewIPCE_OldValue
begin
insert into Field_Audit (tablename, columnname,parentid,oldvalue, newvalue,ModifiedDate,ModifyUser) 
values ('NSA_Address_Info','VRZcktnewIPCE', @ID,@VRZcktnewIPCE_OldValue, 
@VRZcktnewIPCE_NewValue,getDate(),@BusinessRules_UserName)
end

if @VRZcktnewIPPE_NewValue !=@VRZcktnewIPPE_OldValue
begin
insert into Field_Audit (tablename, columnname,parentid,oldvalue, newvalue,ModifiedDate,ModifyUser) 
values ('NSA_Address_Info','VRZcktnewIPPE', @ID,@VRZcktnewIPPE_OldValue, 
@VRZcktnewIPPE_NewValue,getDate(),@BusinessRules_UserName)
end

]]></rule>
  </businessRules>
</dataController>