﻿<?xml version="1.0" encoding="utf-8"?>
<dataController name="CR_APPROVED_WLAN" conflictDetection="overwriteChanges" label="Cr Approved Wlan" xmlns="urn:schemas-codeontime-com:data-aquarium">
  <commands>
    <command id="command1" type="Text">
      <text><![CDATA[
select
	"CR_APPROVED_WLAN"."CR Apprvd WLAN" "CRApprvdWLAN"
from "dbo"."CR_APPROVED_WLAN" "CR_APPROVED_WLAN"
]]></text>
    </command>
  </commands>
  <fields>
    <field name="CRApprvdWLAN" type="Boolean" isPrimaryKey="true" label="CR Apprvd WLAN" />
  </fields>
  <views>
    <view id="grid1" type="Grid" commandId="command1" label="Cr Approved Wlan">
      <headerText>$DefaultGridViewDescription</headerText>
      <dataFields />
    </view>
    <view id="editForm1" type="Form" commandId="command1" label="Review Cr Approved Wlan">
      <headerText>$DefaultEditViewDescription</headerText>
      <categories>
        <category id="c1" headerText="Cr Approved Wlan" newColumn="true">
          <description><![CDATA[$DefaultEditDescription]]></description>
          <dataFields />
        </category>
      </categories>
    </view>
    <view id="createForm1" type="Form" commandId="command1" label="New Cr Approved Wlan">
      <headerText>$DefaultCreateViewDescription</headerText>
      <categories>
        <category id="c1" headerText="New Cr Approved Wlan" newColumn="true">
          <description><![CDATA[$DefaultNewDescription]]></description>
          <dataFields>
            <dataField fieldName="CRApprvdWLAN" />
          </dataFields>
        </category>
      </categories>
    </view>
  </views>
  <actions>
    <actionGroup id="ag7" scope="ActionBar" headerText="Report">
      <action id="a1" commandName="ReportAsPdf" />
      <action id="a2" commandName="ReportAsImage" />
      <action id="a3" commandName="ReportAsExcel" />
      <action id="a4" commandName="ReportAsWord" />
    </actionGroup>
    <actionGroup id="ag6" scope="ActionBar" headerText="Record">
      <action id="a1" whenLastCommandName="Edit" commandName="Update" />
      <action id="a2" whenLastCommandName="Edit" commandName="Cancel" />
    </actionGroup>
    <actionGroup id="ag5" scope="ActionBar" headerText="Actions">
      <action id="a1" commandName="ExportCsv" />
      <action id="a2" />
      <action id="a3" commandName="ExportRowset" />
      <action id="a4" commandName="ExportRss" />
      <action id="a5" />
      <action id="a7" commandName="DataSheet" />
      <action id="a8" commandName="Grid" />
    </actionGroup>
    <actionGroup id="ag4" scope="ActionBar" headerText="Edit/Delete" flat="true">
      <action id="a1" whenKeySelected="true" commandName="Edit" cssClass="EditIcon" whenView="grid1" />
    </actionGroup>
    <actionGroup id="ag1" scope="Grid">
      <action id="a1" commandName="Select" />
      <action id="a2" commandName="Edit" />
    </actionGroup>
  </actions>
</dataController>