﻿<?xml version="1.0" encoding="utf-8"?>
<dataController name="ctlaudit" conflictDetection="overwriteChanges" label="ctlaudit" xmlns="urn:schemas-codeontime-com:data-aquarium">
  <commands>
    <command id="command1" type="Text" custom="true">
      <text><![CDATA[SELECT NSA_Address_Info.SITE_ALIAS, FIELD_AUDIT.columnname, FIELD_AUDIT.oldvalue, FIELD_AUDIT.newvalue, FIELD_AUDIT.ModifiedDate, 
               FIELD_AUDIT.ModifyUser
FROM  FIELD_AUDIT INNER JOIN
               NSA_Address_Info ON FIELD_AUDIT.id = NSA_Address_Info.ID]]></text>
    </command>
  </commands>
  <fields>
    <field name="SITE_ALIAS" type="String" label="Site Alias" length="255" showInSummary="true" />
    <field name="columnname" type="String" label="Columnname" length="50" showInSummary="true" />
    <field name="oldvalue" type="String" allowQBE="false" allowSorting="false" label="Oldvalue" showInSummary="true" />
    <field name="newvalue" type="String" allowQBE="false" allowSorting="false" label="Newvalue" showInSummary="true" />
    <field name="ModifiedDate" type="DateTime" label="Modified Date" showInSummary="true" />
    <field name="ModifyUser" type="String" label="Modify User" length="50" />
  </fields>
  <views>
    <view id="grid1" type="DataSheet" commandId="command1" label="Ctlaudit">
      <headerText>$DefaultGridViewDescription</headerText>
      <dataFields>
        <dataField fieldName="SITE_ALIAS" />
        <dataField fieldName="columnname" columns="50" />
        <dataField fieldName="oldvalue" rows="5" />
        <dataField fieldName="newvalue" rows="5" />
        <dataField fieldName="ModifiedDate" columns="10" />
        <dataField fieldName="ModifyUser" columns="50" />
      </dataFields>
    </view>
  </views>
  <actions>
    <actionGroup id="ag5" scope="ActionBar" headerText="Actions">
      <action id="a1" commandName="ExportCsv" headerText="Export to Excel" />
      <action id="a2" />
    </actionGroup>
  </actions>
</dataController>