﻿<?xml version="1.0" encoding="utf-8"?>
<dataController name="ctlADMHardwareRouters" conflictDetection="overwriteChanges" label="ctlADMHardwareRouters" xmlns="urn:schemas-codeontime-com:data-aquarium">
  <commands />
  <fields>
    <field name="SITE_ALIAS" type="String" label="Site_Alias" length="255" showInSummary="true" readOnly="true" />
    <field name="BranchName" type="String" label="Branch Name" length="2000" showInSummary="true" readOnly="true" />
    <field name="IPTYNexisting" type="String" label="IPT(Y/N existing?)" length="250" showInSummary="true" readOnly="true" />
    <field name="RouterName" type="String" label="Router Name" length="2000" showInSummary="true" readOnly="true" />
    <field name="RtrCktUpgrPlanned" type="DateTime" label="Rtr/Ckt Upgr Planned" showInSummary="true" readOnly="true" />
    <field name="RtrCktUpgrActual" type="DateTime" label="Rtr/Ckt Upgr Actual" readOnly="true" />
    <field name="RTRProjPhoenix" type="String" label="RTR Proj Phoenix?" length="2000" readOnly="true" />
    <field name="NewRouterModel" type="String" label="New Router Model" length="250" readOnly="true" />
    <field name="EMHDA6FXO" type="String" label="EM-HDA-6FXO" length="2000" readOnly="true" />
    <field name="EVMHD8FXSDID" type="String" label="EVM-HD-8FXS/DID" length="2000" readOnly="true" />
    <field name="PVDM332" type="Int32" label="PVDM3-32=" readOnly="true" />
    <field name="PVDM364" type="String" label="PVDM3-64=" length="2000" readOnly="true" />
    <field name="SL29UCK9" type="String" label="SL-29-UC-K9=" length="2000" readOnly="true" />
    <field name="SL39UCK9" type="String" label="SL-39-UC-K9=" length="2000" readOnly="true" />
    <field name="SMNMADPTR" type="String" label="SM-NM-ADPTR" length="2000" readOnly="true" />
    <field name="SMX1T3E3" type="String" label="SM-X-1T3/E3" length="2000" readOnly="true" />
    <field name="VIC24FXO" type="Int32" label="VIC2-4FXO" readOnly="true" />
    <field name="VIC34FXSDID" type="Int32" label="VIC3-4FXS/DID" readOnly="true" />
    <field name="VWIC34MFTT1E1" type="String" label="VWIC3-4MFT-T1/E1" length="2000" readOnly="true" />
    <field name="VG224" type="Int32" label="VG224" showInSummary="true" htmlEncode="false" hidden="false">
      <items letters="false" />
    </field>
    <field name="FLCMESRST25" type="String" label="FL-CME-SRST-25" length="10" readOnly="true" />
    <field name="FLCMESRST100" type="Int32" label="FL-CME-SRST-100" readOnly="true" />
    <field name="AmphenolPtchPnlReq" type="Boolean" label="Amphenol - Ptch Pnl Req" readOnly="true" />
    <field name="ReadinessDeploy" type="String" label="Readiness Deploy" length="2000" readOnly="true" />
    <field name="RouterUpgrStatus" type="String" label="Router Upgr Status" length="2000" readOnly="true" />
    <field name="ReadinessEquipmentStatus" type="String" label="Readiness Equipment Status" length="50" readOnly="true" />
    <field name="EUCCoordinator" type="String" label="EUC Coordinator" length="2000" readOnly="true" />
    <field name="SiteNotes" type="String" allowQBE="false" allowSorting="false" label="Site Notes" readOnly="true" />
  </fields>
  <views>
    <view id="grid1" type="DataSheet" commandId="command1" label="ADM Hardware Routers Report">
      <headerText />
      <dataFields>
        <dataField fieldName="SITE_ALIAS" />
        <dataField fieldName="BranchName" />
        <dataField fieldName="IPTYNexisting" />
        <dataField fieldName="RouterName" />
        <dataField fieldName="RtrCktUpgrPlanned" columns="10" />
        <dataField fieldName="RtrCktUpgrActual" columns="10" />
        <dataField fieldName="RTRProjPhoenix" />
        <dataField fieldName="NewRouterModel" />
        <dataField fieldName="EMHDA6FXO" />
        <dataField fieldName="EVMHD8FXSDID" />
        <dataField fieldName="PVDM332" columns="15" />
        <dataField fieldName="PVDM364" />
        <dataField fieldName="SL29UCK9" />
        <dataField fieldName="SL39UCK9" />
        <dataField fieldName="SMNMADPTR" />
        <dataField fieldName="SMX1T3E3" />
        <dataField fieldName="VIC24FXO" columns="15" />
        <dataField fieldName="VIC34FXSDID" columns="15" />
        <dataField fieldName="VWIC34MFTT1E1" />
        <dataField fieldName="VG224" columns="15" />
        <dataField fieldName="FLCMESRST25" columns="10" />
        <dataField fieldName="FLCMESRST100" columns="15" />
        <dataField fieldName="AmphenolPtchPnlReq" />
        <dataField fieldName="ReadinessDeploy" />
        <dataField fieldName="RouterUpgrStatus" />
        <dataField fieldName="ReadinessEquipmentStatus" columns="50" />
        <dataField fieldName="EUCCoordinator" />
        <dataField fieldName="SiteNotes" rows="5" />
      </dataFields>
    </view>
  </views>
  <actions>
    <actionGroup id="ag5" scope="ActionBar" headerText="Actions">
      <action id="a1" commandName="ExportCsv" headerText="Export to Spreadsheet" />
      <action id="a2" />
    </actionGroup>
  </actions>
  <businessRules>
    <rule type="Sql" id="enableResultSet" commandName="Select" phase="Before"><![CDATA[set @BusinessRules_EnableResultSet = 1
-- Enable caching of the result set. Duration is specified in seconds.
-- set @BusinessRules_ResultSetCacheDuration = 30 ]]></rule>
    <rule type="Sql" id="getData" commandName="Select" phase="Before"><![CDATA[EXEC ADMHardwareRouters]]></rule>
  </businessRules>
</dataController>