﻿<?xml version="1.0" encoding="utf-8"?>
<dataController name="ctlCriticalReportPathDetail14DayIPT" conflictDetection="overwriteChanges" label="ctlCriticalReportPathDetail14DayIPT" xmlns="urn:schemas-codeontime-com:data-aquarium">
  <commands />
  <fields>
    <field name="SiteCode" type="String" label="Site Code" length="255" showInSummary="true" readOnly="true" />
    <field name="WorkStream" type="String" allowNulls="false" label="Work Stream" readOnly="true" length="3" showInSummary="true" />
    <field name="BndwdthUpgrdyesno" type="String" label="Bndwdth Upgrd yes no" length="2000" showInSummary="true" readOnly="true" />
    <field name="CktUpgrStatus" type="String" label="Ckt Upgr Status" length="2000" showInSummary="true" readOnly="true" />
    <field name="RtrCktUpgrPlanned" type="String" label="Rtr Ckt Upgr Planned" readOnly="true" length="10" showInSummary="true" />
    <field name="RtrCktUpgrActual" type="String" label="Rtr Ckt Upgr Actual" readOnly="true" length="10" />
  </fields>
  <views>
    <view id="grid1" type="DataSheet" commandId="command1" label="Critical Path Detail14 Day IPT">
      <headerText />
      <dataFields>
        <dataField fieldName="WorkStream" columns="3" />
        <dataField fieldName="SiteCode" />
        <dataField fieldName="BndwdthUpgrdyesno" />
        <dataField fieldName="CktUpgrStatus" />
        <dataField fieldName="RtrCktUpgrPlanned" columns="10" />
        <dataField fieldName="RtrCktUpgrActual" columns="10" />
      </dataFields>
    </view>
  </views>
  <actions>
    <actionGroup id="ag5" scope="ActionBar" headerText="Actions">
      <action id="a1" commandName="ExportCsv" headerText="Export to Spreadsheet" />
      <action id="a2" />
    </actionGroup>
  </actions>
  <businessRules>
    <rule type="Sql" id="enableResultSet" commandName="Select" phase="Before"><![CDATA[set @BusinessRules_EnableResultSet = 1
-- Enable caching of the result set. Duration is specified in seconds.
-- set @BusinessRules_ResultSetCacheDuration = 30 ]]></rule>
    <rule type="Sql" id="getData" commandName="Select" phase="Before"><![CDATA[EXEC CriticalPathDetail14DayIPT]]></rule>
    <rule type="Sql" id="insert" commandName="Insert" phase="Before"><![CDATA[set @BusinessRules_PreventDefault = 1
-- implement insert here]]></rule>
    <rule type="Sql" id="update" commandName="Update" phase="Before"><![CDATA[set @BusinessRules_PreventDefault = 1
-- implement update here]]></rule>
    <rule type="Sql" id="delete" commandName="Delete" phase="Before"><![CDATA[set @BusinessRules_PreventDefault = 1
-- implement delete here]]></rule>
  </businessRules>
</dataController>