﻿<?xml version="1.0" encoding="utf-8"?>
<dataController name="ctlcalwlan" conflictDetection="overwriteChanges" label="ctlcalwlan" xmlns="urn:schemas-codeontime-com:data-aquarium">
  <commands>
    <command id="command1" type="Text" custom="false">
      <text><![CDATA[SELECT [Id], [Site_Alias], [MAC code] Mac_Code, [Branch Name] branchname,[WLAN CR#] WLANCR, [WLAN Net-Eng] WLAN_Net_Eng,DateAdd(hour, 4,[WLAN Install Planned Date])  WLANInstallPlannedDate FROM [NSA_PROJECT].[dbo].[NSA_Address_Info] where [WLAN Install Planned Date] is not null]]></text>
    </command>
  </commands>
  <fields>
    <field name="Id" type="Int32" allowNulls="false" label="Id" showInSummary="true" readOnly="true" isPrimaryKey="true" />
    <field name="Site_Alias" type="String" label="Site Alias" length="255" showInSummary="true" readOnly="true" />
    <field name="Mac_Code" type="String" label="Mac Code" length="50" showInSummary="true" readOnly="true" />
    <field name="branchname" type="String" label="Branchname" length="2000" showInSummary="true" readOnly="true" />
    <field name="WLANCR" type="String" label="Wlancr" length="2000" showInSummary="true" readOnly="true" />
    <field name="WLAN_Net_Eng" type="String" label="WLAN Net Eng" length="2000" readOnly="true" />
    <field name="WLANInstallPlannedDate" type="DateTime" label="WLAN Install Planned Date" readOnly="true" />
  </fields>
  <views>
    <view id="grid1" type="Grid" commandId="command1" label="Calendar WLAN">
      <headerText />
      <dataFields>
        <dataField fieldName="Id" columns="15" />
        <dataField fieldName="Site_Alias" />
        <dataField fieldName="Mac_Code" columns="50" />
        <dataField fieldName="branchname" />
        <dataField fieldName="WLANCR" />
        <dataField fieldName="WLAN_Net_Eng" />
        <dataField fieldName="WLANInstallPlannedDate" columns="10" />
      </dataFields>
    </view>
  </views>
  <actions />
</dataController>