﻿<?xml version="1.0" encoding="utf-8"?>
<dataController name="ctlCriticalReportPart1" conflictDetection="overwriteChanges" label="ctlCriticalReportPart1" xmlns="urn:schemas-codeontime-com:data-aquarium">
  <commands />
  <fields>
    <field name="Seq" type="Int32" allowNulls="false" label="Seq" readOnly="true" showInSummary="true" />
    <field name="WorkStream" type="String" allowNulls="false" label="Work Stream" readOnly="true" length="4" showInSummary="true" />
    <field name="CriticalItem" type="String" allowNulls="false" label="Critical Item" readOnly="true" length="31" showInSummary="true" />
    <field name="SitesinScope" type="Int32" label="Sites in Scope" readOnly="true" showInSummary="true" />
    <field name="SitesCompleted" type="Int32" label="Sites Completed" readOnly="true" showInSummary="true" />
    <field name="PercentComplete" type="String" label="Percent Complete" readOnly="true" length="4" />
  </fields>
  <views>
    <view id="grid1" type="DataSheet" commandId="command1" label="Critical Path Report - Part 1" access="Public">
      <headerText />
      <dataFields>
        <dataField fieldName="Seq" columns="15" />
        <dataField fieldName="WorkStream" columns="4" />
        <dataField fieldName="CriticalItem" columns="31" />
        <dataField fieldName="SitesinScope" columns="15" />
        <dataField fieldName="SitesCompleted" columns="15" />
        <dataField fieldName="PercentComplete" columns="4" />
      </dataFields>
    </view>
  </views>
  <actions>
    <actionGroup id="ag5" scope="ActionBar" headerText="Actions">
      <action id="a1" commandName="ExportCsv" headerText="Export to Spreadsheet" />
      <action id="a2" />
    </actionGroup>
  </actions>
  <businessRules>
    <rule type="Sql" id="enableResultSet" commandName="Select" phase="Before"><![CDATA[set @BusinessRules_EnableResultSet = 1
-- Enable caching of the result set. Duration is specified in seconds.
-- set @BusinessRules_ResultSetCacheDuration = 30 ]]></rule>
    <rule type="Sql" id="getData" commandName="Select" phase="Before"><![CDATA[EXEC procCriticalpathpart1]]></rule>
    <rule type="Sql" id="insert" commandName="Insert" phase="Before"><![CDATA[set @BusinessRules_PreventDefault = 1
-- implement insert here]]></rule>
    <rule type="Sql" id="update" commandName="Update" phase="Before"><![CDATA[set @BusinessRules_PreventDefault = 1
-- implement update here]]></rule>
    <rule type="Sql" id="delete" commandName="Delete" phase="Before"><![CDATA[set @BusinessRules_PreventDefault = 1
-- implement delete here]]></rule>
  </businessRules>
</dataController>