﻿<?xml version="1.0" encoding="utf-8"?>
<dataController name="ctlDateHistoryCKTOriginalpgdDate" label="ctlDateHistoryCKTOriginalpgdDate" conflictDetection="overwriteChanges" xmlns="urn:schemas-codeontime-com:data-aquarium">
  <commands>
    <command id="command1" type="Text" custom="true">
      <text><![CDATA[SELECT '(select)' s1,
       [id]
      ,[tablename]
      ,[columnname]
      ,[parentid]
      ,[oldvalue]
      ,[newvalue]
      ,[ModifiedDate]
      ,[ModifyUser]
      ,[Reason]
  FROM [NSA_PROJECT].[dbo].[DatesHistorylog]]]></text>
    </command>
  </commands>
  <fields>
    <field name="id" type="Int32" allowNulls="false" isPrimaryKey="true" label="Id" readOnly="true" />
    <field name="tablename" type="String" label="Tablename" length="50" showInSummary="true" readOnly="true" />
    <field name="columnname" type="String" label="Columnname" length="50" showInSummary="true" readOnly="true" />
    <field name="parentid" type="Int32" allowNulls="false" label="Parentid" showInSummary="true" readOnly="true" />
    <field name="oldvalue" type="DateTime" label="Oldvalue" showInSummary="true" readOnly="true" />
    <field name="newvalue" type="DateTime" label="Newvalue" showInSummary="true" readOnly="true" />
    <field name="ModifiedDate" type="DateTime" label="Modified Date" readOnly="true" />
    <field name="ModifyUser" type="String" label="Modify User" length="50" readOnly="true" />
    <field name="s1" type="String" label="Field Select" allowQBE="false" allowSorting="false" htmlEncode="false" hidden="true" length="20">
      <items letters="false" />
    </field>
    <field name="Reason" type="String" label="Reason" allowQBE="false" allowSorting="false" htmlEncode="false" hidden="false" length="255">
      <items letters="false" />
    </field>
  </fields>
  <views>
    <view id="grid1" type="DataSheet" commandId="command1" label="Rtr/Ckt Upgr Original Date History" filter="parentid=@ContextFields_ExistingID and columnname ='Rtr Ckt Upgr Original Planned Date'" sortExpression="ModifiedDate DESC">
      <headerText>Rtr/Ckt Upgr Original Date History</headerText>
      <dataFields>
        <dataField fieldName="s1" hidden="true" />
        <dataField fieldName="ModifiedDate" columns="10" readOnly="true" />
        <dataField fieldName="Reason" rows="5" />
        <dataField fieldName="ModifyUser" columns="50" readOnly="true" />
        <dataField fieldName="parentid" columns="15" readOnly="true" />
        <dataField fieldName="columnname" columns="50" readOnly="true" />
        <dataField fieldName="oldvalue" columns="10" readOnly="true" />
        <dataField fieldName="newvalue" columns="10" readOnly="true" />
      </dataFields>
    </view>
  </views>
  <actions />
</dataController>