﻿<?xml version="1.0" encoding="utf-8"?>
<dataController name="ctlDateHistoryIPTConvDate" conflictDetection="overwriteChanges" label="ctlDateHistoryIPTConvDate" xmlns="urn:schemas-codeontime-com:data-aquarium">
  <commands>
    <command id="command1" type="Text" custom="true">
      <text><![CDATA[SELECT '(select)' s1,
       [id]
      ,[tablename]
      ,[columnname]
      ,[parentid]
      ,[oldvalue]
      ,[newvalue]
      ,[ModifiedDate]
      ,[ModifyUser]
      ,[Reason]
FROM [NSA_PROJECT].[dbo].[DatesHistorylog]]]></text>
    </command>
  </commands>
  <fields>
    <field name="s1" type="String" allowNulls="false" label="S1" readOnly="true" length="8" showInSummary="true" />
    <field name="id" type="Int32" allowNulls="false" isPrimaryKey="true" label="Id" readOnly="true" />
    <field name="tablename" type="String" label="Tablename" length="50" showInSummary="true" />
    <field name="columnname" type="String" label="Columnname" length="50" showInSummary="true" />
    <field name="parentid" type="Int32" allowNulls="false" label="Parentid" showInSummary="true" />
    <field name="oldvalue" type="DateTime" label="Oldvalue" showInSummary="true" />
    <field name="newvalue" type="DateTime" label="Newvalue" />
    <field name="ModifiedDate" type="DateTime" label="Modified Date" />
    <field name="ModifyUser" type="String" label="Modify User" length="50" />
    <field name="Reason" type="String" label="Reason" length="255" />
  </fields>
  <views>
    <view id="grid1" type="Grid" commandId="command1" label="ctl Date History IPT Conv Date">
      <headerText>$DefaultGridViewDescription</headerText>
      <dataFields>
        <dataField fieldName="s1" columns="8" />
        <dataField fieldName="tablename" columns="50" />
        <dataField fieldName="columnname" columns="50" />
        <dataField fieldName="parentid" columns="15" />
        <dataField fieldName="oldvalue" columns="10" />
        <dataField fieldName="newvalue" columns="10" />
        <dataField fieldName="ModifiedDate" columns="10" />
        <dataField fieldName="ModifyUser" columns="50" />
        <dataField fieldName="Reason" />
      </dataFields>
    </view>
    <view id="editForm1" type="Form" commandId="command1" label="Review ctl Date History IPT Conv Date">
      <headerText>$DefaultEditViewDescription</headerText>
      <categories>
        <category id="c1" headerText="ctl Date History IPT Conv Date" newColumn="true">
          <description><![CDATA[$DefaultEditDescription]]></description>
          <dataFields>
            <dataField fieldName="s1" columns="8" />
            <dataField fieldName="tablename" columns="50" />
            <dataField fieldName="columnname" columns="50" />
            <dataField fieldName="parentid" columns="15" />
            <dataField fieldName="oldvalue" columns="10" />
            <dataField fieldName="newvalue" columns="10" />
            <dataField fieldName="ModifiedDate" columns="10" />
            <dataField fieldName="ModifyUser" columns="50" />
            <dataField fieldName="Reason" />
          </dataFields>
        </category>
      </categories>
    </view>
    <view id="createForm1" type="Form" commandId="command1" label="New ctl Date History IPT Conv Date">
      <headerText>$DefaultCreateViewDescription</headerText>
      <categories>
        <category id="c1" headerText="New ctl Date History IPT Conv Date" newColumn="true">
          <description><![CDATA[$DefaultNewDescription]]></description>
          <dataFields>
            <dataField fieldName="tablename" columns="50" />
            <dataField fieldName="columnname" columns="50" />
            <dataField fieldName="parentid" columns="15" />
            <dataField fieldName="oldvalue" columns="10" />
            <dataField fieldName="newvalue" columns="10" />
            <dataField fieldName="ModifiedDate" columns="10" />
            <dataField fieldName="ModifyUser" columns="50" />
            <dataField fieldName="Reason" />
          </dataFields>
        </category>
      </categories>
    </view>
  </views>
  <actions />
</dataController>