﻿<?xml version="1.0" encoding="utf-8"?>
<dataController name="ctlemailfieldinfo" conflictDetection="overwriteChanges" label="ctlemailfieldinfo" xmlns="urn:schemas-codeontime-com:data-aquarium">
  <commands>
    <command id="command1" type="Text" custom="true">
      <text><![CDATA[select 
	"NSA_Email_Field_Info"."ID" "ID"
	,"NSA_Email_Field_Info"."FieldID" "FieldID"
from  "NSA_Email_Field_Info" "NSA_Email_Field_Info"]]></text>
    </command>
  </commands>
  <fields>
    <field name="ID" type="Int32" allowNulls="false" isPrimaryKey="true" label="Id" readOnly="true" />
    <field name="FieldID" type="String" label="Field#" length="2000" showInSummary="true" />
  </fields>
  <views>
    <view id="grid1" type="Grid" commandId="command1" label="Field Information">
      <headerText />
      <dataFields>
        <dataField fieldName="FieldID" />
      </dataFields>
    </view>
  </views>
  <actions>
    <actionGroup id="ag1" scope="Grid">
      <action id="a1" commandName="Select" />
      <action id="a2" commandName="Edit" />
      <action id="a3" commandName="Delete" />
      <action id="a6" />
      <action id="a7" commandName="New" commandArgument="grid1" />
      <action id="a8" commandName="Duplicate" />
    </actionGroup>
    <actionGroup id="ag5" scope="ActionBar" headerText="Actions">
      <action id="a1" commandName="ExportCsv" />
      <action id="a2" />
    </actionGroup>
  </actions>
</dataController>