﻿<?xml version="1.0" encoding="utf-8"?>
<dataController name="ctlHardwareview" conflictDetection="overwriteChanges" label="ctlHardwareview" xmlns="urn:schemas-codeontime-com:data-aquarium">
  <commands>
    <command id="command1" type="Text" custom="false">
      <text><![CDATA[select
	"NSA_Address_Info"."ID" "ID"
	,"NSA_Address_Info"."SITE_ALIAS" "SITE_ALIAS"
	,"NSA_Address_Info"."SiteVisit#" "SiteVisits"
	,"NSA_Address_Info"."WLAN Deploy" "WLANDeploy"
	,"NSA_Address_Info"."Site Notes" "SiteNotes"
	,"NSA_Address_Info"."Branch Name" "BranchName"
	,"NSA_Address_Info"."#Users" "Users"
	,"NSA_Address_Info"."IPT Net Eng" "IPTNetEng"
	,"NSA_Address_Info"."#Devcs" "Devcs"
	,"NSA_Address_Info"."FL-CME-SRST-100" "FLCMESRST100"
	,"NSA_Address_Info"."EUC Regn" "EUCRegn"
	,"NSA_Address_Info"."WSSI's Reqd" "WSSIsReqd"
	,"NSA_Address_Info"."APs Reqd" "APsReqd"
	,"NSA_Address_Info"."Pwr Injs Rqrd" "PwrInjsRqrd"
	,"NSA_Address_Info"."Switch Refr?" "SwitchRefr"
	,"NSA_Address_Info"."3750x Sw Reqd" "n3750xSwReqd"
	,"NSA_Address_Info"."Switch ADD" "SwitchADD"
	,"NSA_Address_Info"."WLAN Install Planned Date" "WLANInstallPlannedDate"
	,"NSA_Address_Info"."WLAN Install Actual Date" "WLANInstallActualDate"
	,"NSA_Address_Info"."Site Visit - Reschedule" "SiteVisitReschedule"
	,"NSA_Address_Info"."WLAN Status" "WLANStatus"
	,"NSA_Address_Info"."EUC Coordinator" "EUCCoordinator"
	,"NSA_Address_Info"."MAC Code" "MACCode"
	,"NSA_Address_Info"."ADDRESS1" "ADDRESS1"
	,"NSA_Address_Info"."City" "City"
	,"NSA_Address_Info"."State" "State"
	,"NSA_Address_Info"."Readiness Deploy" "ReadinessDeploy"
	,"NSA_Address_Info"."Rtr/Ckt Upgr Actual" "RtrCktUpgrActual"
	,"NSA_Address_Info"."Rtr/Ckt Upgr Planned" "RtrCktUpgrPlanned"
	,"NSA_Address_Info"."IPT(Y/N existing?)" "IPTYNexisting"
	,"NSA_Address_Info"."Router Name" "RouterName"
	,"NSA_Address_Info"."Rtr Mdl Current" "RtrMdlCurrent"
	,"NSA_Address_Info"."Router Refr?" "RouterRefr"
	,"NSA_Address_Info"."Current Bndwdth" "CurrentBndwdth"
	,"NSA_Address_Info"."Bndwdth Upgrd (yes/no)" "BndwdthUpgrdyesno"
	,"NSA_Address_Info"."Recmd Upgrd Ckt size" "RecmdUpgrdCktsize"
	,"NSA_Address_Info"."Router Upgr Status" "RouterUpgrStatus"
	,"NSA_Address_Info"."Bench Router Type" "BenchRouterType"
	,"NSA_Address_Info"."Bench Switch Type" "BenchSwitchType"
	,"NSA_Address_Info"."Ckt Upgr Status" "CktUpgrStatus"
	,"NSA_Address_Info"."Ckt Upgr Type" "CktUpgrType"
	,"NSA_Address_Info"."EM-HDA-6FXO" "EMHDA6FXO"
	,"NSA_Address_Info"."EVM-HD-8FXS/DID" "EVMHD8FXSDID"
	,"NSA_Address_Info"."Hardware Benched" "HardwareBenched"
	,"NSA_Address_Info"."Hardware Configured" "HardwareConfigured"
	,"NSA_Address_Info"."Hardware Shipped" "HardwareShipped"
	,"NSA_Address_Info"."IPT Switch Replacement" "IPTSwitchReplacement"
	,"NSA_Address_Info"."PVDM3-32=" "PVDM332"
	,"NSA_Address_Info"."PVDM3-64=" "PVDM364"
	,"NSA_Address_Info"."Final Router Type" "RouterType"
	,"NSA_Address_Info"."RTR Proj Phoenix?" "RTRProjPhoenix"
	,"NSA_Address_Info"."Sites Completed" "SitesCompleted"
	,"NSA_Address_Info"."SL-29-UC-K9=" "SL29UCK9"
	,"NSA_Address_Info"."SL-39-UC-K9=" "SL39UCK9"
	,"NSA_Address_Info"."SM-NM-ADPTR" "SMNMADPTR"
	,"NSA_Address_Info"."SM-X-1T3/E3" "SMX1T3E3"
	,"NSA_Address_Info"."SW Proj Phoenix?" "SWProjPhoenix"
	,"NSA_Address_Info"."Add2ndSW" "Add2ndSW"
	,"NSA_Address_Info"."Add3rdSW" "Add3rdSW"
	,"NSA_Address_Info"."WS-C3750X-48P-S" "WSC3750X48PS"
	,"NSA_Address_Info"."C3KX-PWR-715WAC/2" "C3KXPWR715WAC2"
	,"NSA_Address_Info"."CAB-3KX-AC" "CAB3KXAC"
	,"NSA_Address_Info"."C3KX-NM-10G" "C3KXNM10G"
	,"NSA_Address_Info"."GLC-T" "GLCT"
	,"NSA_Address_Info"."Cyclades Port #" "CycladesPort"
	,"NSA_Address_Info"."Cyclades Port #" "CycladesPort"
	,"NSA_Address_Info"."New Router Model" "BOM_ROUTERTYPE"
	,"NSA_Address_Info"."CAB-STACK-1M" "CABSTACK1M"
	,"NSA_Address_Info"."VG224/EVM/FXS-FXO" "VG224EVMFXSFXO"
	,"NSA_Address_Info"."VIC2-4FXO" "VIC24FXO"
	,"NSA_Address_Info"."VIC3-4FXS/DID" "VIC34FXSDID"
	,"NSA_Address_Info"."VWIC3-4MFT-T1/E1" "VWIC34MFTT1E1"
	,"NSA_Address_Info"."3750x Sw Notes" "n3750xSwNotes"
	,"NSA_Address_Info"."ActualCKTUpgradeSize" "ActualCKTUpgradeSize"
	,"NSA_Address_Info"."Readiness Equipment Status" "ReadinessEquipmentStatus"
	,"NSA_Address_Info"."Readiness Equipment Status Date" "ReadinessEquipmentStatusDate"
	,"NSA_Address_Info"."Ckt Upgr Actual" "CktUpgrActual"
	,"NSA_Address_Info"."IPT Hardware Type" "IPTHardwareType"
	,"NSA_Address_Info"."FL-SRST" "FLSRST"
	,"NSA_Address_Info"."FXO" "FXO"
	,"NSA_Address_Info"."CAB-SPWR-150CM" "CABSPWR150CM"
	,"NSA_Address_Info"."C3KX-PS-BLANK" "C3KXPSBLANK"
	,"NSA_Address_Info"."3750X-QTY" "n3750XQTY"
	,"NSA_Address_Info"."VG224" "VG224"
	,"NSA_Address_Info"."EVM" "EVM"
	,"NSA_Address_Info"."FXO/FXS" "FXOFXS"
	,"NSA_Address_Info"."Amphenol - Ptch Pnl Req" "AmphenolPtchPnlReq"
	,"NSA_Address_Info"."Issue Start" "IssueStart"
	,"NSA_Address_Info"."ISSUE Status" "ISSUEStatus"
	,"NSA_Address_Info"."Issue Type" "IssueType"
from "dbo"."NSA_Address_Info" "NSA_Address_Info"]]></text>
    </command>
  </commands>
  <fields>
    <field name="ID" type="Int32" allowNulls="false" label="Id" isPrimaryKey="true" readOnly="true" htmlEncode="false" hidden="true" />
    <field name="SITE_ALIAS" type="String" label="Site Alias" length="255" showInSummary="true" readOnly="true" />
    <field name="BranchName" type="String" label="Branch Name" length="2000" showInSummary="true" />
    <field name="WLANInstallPlannedDate" type="DateTime" label="WLAN Install Planned Date" />
    <field name="WLANInstallActualDate" type="DateTime" label="WLAN Install Actual Date" />
    <field name="WLANDeploy" type="String" label="WLAN Deploy" length="2000" showInSummary="true">
      <items style="Lookup" dataController="WLAN_DEPLOY" dataView="grid1" dataValueField="WLANDeploy" />
    </field>
    <field name="SiteNotes" type="String" allowQBE="false" allowSorting="false" label="Site Notes" showInSummary="true" />
    <field name="Users" type="Int32" label="Users#" />
    <field name="Devcs" type="Double" label="Devcs#" />
    <field name="EUCRegn" type="String" label="EUC Regn" length="2000">
      <items style="Lookup" dataController="EUC_REGION" dataView="grid1" dataValueField="EUCRegion" />
    </field>
    <field name="WSSIsReqd" type="Double" label="WSSIs Reqd" />
    <field name="APsReqd" type="Double" label="APs Reqd" />
    <field name="PwrInjsRqrd" type="Double" label="Pwr Injs Rqrd" />
    <field name="SwitchRefr" type="String" label="Switch Refr" length="2000" />
    <field name="n3750xSwReqd" type="Double" label="SwReqd" />
    <field name="SwitchADD" type="String" label="Switch ADD" length="2000" />
    <field name="SiteVisitReschedule" type="DateTime" label="Site Visit Reschedule" />
    <field name="WLANStatus" type="String" label="WLAN Status" length="2000">
      <items style="Lookup" dataController="ctlWLANSTATUS" dataView="grid1" dataValueField="WLANSTATUS" />
    </field>
    <field name="EUCCoordinator" type="String" label="EUC Coordinator" length="2000">
      <items style="Lookup" dataController="EUC_COORD" dataView="grid1" dataValueField="EUCCoordinator" />
    </field>
    <field name="MACCode" type="String" label="MAC Code" length="50" showInSummary="true" />
    <field name="ADDRESS1" type="String" label="Address1" length="255" readOnly="true" showInSummary="true" />
    <field name="City" type="String" label="City" length="2000" readOnly="true" />
    <field name="State" type="String" label="State" length="2000" readOnly="true" showInSummary="true" />
    <field name="ReadinessDeploy" type="String" label="Readiness Deploy" length="2000" />
    <field name="RtrCktUpgrActual" type="DateTime" label="Rtr CKT Upgr Actual" />
    <field name="RtrCktUpgrPlanned" type="DateTime" label="Rtr Ckt Upgr Planned" />
    <field name="IPTYNexisting" type="String" label="IPT Y/N Existing" length="250" />
    <field name="RouterName" type="String" label="RouterName" length="2000" />
    <field name="RtrMdlCurrent" type="String" label="Rtr Mdl Current" length="2000" />
    <field name="RouterRefr" type="String" label="RouterRefr" length="2000">
      <items style="Lookup" dataController="ROUTER_REF" dataView="grid1" dataValueField="RTR_REF" />
    </field>
    <field name="CurrentBndwdth" type="String" label="CurrentBndwdth" length="2000" />
    <field name="BndwdthUpgrdyesno" type="String" label="Bndwdth Upgrd (yes/no)" length="2000">
      <items style="DropDownList">
        <item value="Yes" text="Yes" />
        <item value="No" text="No" />
        <item value="Proactive" text="Proactive" />
      </items>
    </field>
    <field name="RecmdUpgrdCktsize" type="String" label="Recmd Upgrd CKT Size" length="2000" />
    <field name="RouterUpgrStatus" type="String" label="Router Upgr Status" length="2000">
      <items style="Lookup" dataController="ctlRouter_Upgr_Status" dataView="grid1" dataValueField="RouterUpgrStatus" />
    </field>
    <field name="BenchRouterType" type="String" label="Bench Router Type" length="2000" />
    <field name="BenchSwitchType" type="String" label="Bench Switch Type" length="2000" />
    <field name="CktUpgrStatus" type="String" label="CkT Upgr Status" length="2000">
      <items style="Lookup" dataController="CKT_UPGRD_STATUS" dataView="grid1" dataValueField="Ckt_Upgrd_Status" />
    </field>
    <field name="CktUpgrType" type="String" label="CKT Upgr Type" length="2000">
      <items style="Lookup" dataController="Ckt_Upgr_Type" dataView="grid1" dataValueField="RouterUpgrStatus" />
    </field>
    <field name="EMHDA6FXO" type="String" label="EM-HDA-6FXO" length="2000" />
    <field name="EVMHD8FXSDID" type="String" label="EVM-HD-8FXS/DID" length="2000" />
    <field name="HardwareBenched" type="Boolean" label="Hardware Benched">
      <items style="DropDownList" />
    </field>
    <field name="HardwareConfigured" type="Boolean" label="Hardware Configured">
      <items style="DropDownList" />
    </field>
    <field name="HardwareShipped" type="Boolean" label="Hardware Shipped">
      <items style="DropDownList" />
    </field>
    <field name="IPTSwitchReplacement" type="String" label="IPT Switch Replacement" length="2000">
      <items style="Lookup" dataController="ctlIPTYNExistingType" dataView="grid1" dataValueField="IPTYNexisting" />
    </field>
    <field name="PVDM332" type="Int32" label="PVDM3-32=" />
    <field name="PVDM364" type="String" label="PVDM3-64=" length="2000" />
    <field name="RouterType" type="String" label="Final Router Type" length="2000">
      <items style="Lookup" dataController="Router_Type" dataView="grid1" dataValueField="Router_Type" />
    </field>
    <field name="RTRProjPhoenix" type="String" label="RTR Proj Phoenix" length="2000" />
    <field name="SitesCompleted" type="Boolean" label="Sites Completed">
      <items style="DropDownList" />
    </field>
    <field name="SL29UCK9" type="Int32" label="SL-29-UC-K9=" />
    <field name="SL39UCK9" type="String" label="SL-39-UC-K9=" length="2000" />
    <field name="SMNMADPTR" type="String" label="SM-NM-ADPTR" length="2000" />
    <field name="SMX1T3E3" type="String" label="SM-X-1T3/E3" length="2000" />
    <field name="SWProjPhoenix" type="String" label="SW Proj Phoenix" length="2000" />
    <field name="Add2ndSW" type="String" label="Add2nd SW" length="50">
      <items style="DropDownList">
        <item value="Yes" text="Yes" />
        <item value="No" text="No" />
      </items>
    </field>
    <field name="Add3rdSW" type="String" label="Add3rd SW" length="50">
      <items style="DropDownList">
        <item value="Yes" text="Yes" />
        <item value="No" text="No" />
      </items>
    </field>
    <field name="WSC3750X48PS" type="String" label="WSC3750X48PS" length="50" />
    <field name="C3KXPWR715WAC2" type="String" label="C3KXPWR715WAC2" length="50" />
    <field name="CAB3KXAC" type="String" label="CAB3KXAC" length="50" />
    <field name="C3KXNM10G" type="String" label="C3KXNM10G" length="50" />
    <field name="GLCT" type="String" label="GLCT" length="50" />
    <field name="GLCSXMMD" type="String" label="GLCSXMMD" length="50" />
    <field name="CABSTACK1M" type="String" label="CABSTACK1M" length="50" />
    <field name="VG224EVMFXSFXO" type="String" label="Vg224evmfxsfxo" length="2000" />
    <field name="VIC24FXO" type="Int32" label="VIC2-4FXO" />
    <field name="VIC34FXSDID" type="Int32" label="VIC3-4FXS/DID" />
    <field name="VWIC34MFTT1E1" type="String" label="VWIC3-4MFT-T1/E1" length="2000" />
    <field name="n3750xSwNotes" type="String" label="SwNotes" />
    <field name="ActualCKTUpgradeSize" type="String" label="Actual CKT Upgrade Size" length="2000" />
    <field name="ReadinessEquipmentStatus" type="String" label="Readiness Equipment Status" length="50" readOnly="true">
      <items style="DropDownList">
        <item value="Not Started" text="Not Started" />
        <item value="BOM Completed" text="BOM Completed" />
        <item value="Ready to Confuigure" text="Ready to Confuigure" />
        <item value="Benched" text="Benched" />
        <item value="Configured" text="Configured" />
        <item value="Shipped" text="Shipped" />
      </items>
    </field>
    <field name="ReadinessEquipmentStatusDate" type="DateTime" label="Readiness Equipment Status Date" />
    <field name="CktUpgrActual" type="String" label="CKT Upgr Actual" length="50" />
    <field name="IPTHardwareType" type="String" label="IPT Hardware Type" length="255" />
    <field name="FLSRST" type="Int32" label="FL-CME-SRST-25" />
    <field name="FXO" type="Int32" label="FXO" />
    <field name="n3750XQTY" type="String" label="3750X QTY" length="50" />
    <field name="VG224" type="Int32" label="VG224" />
    <field name="EVM" type="Int32" label="Evm" />
    <field name="FXOFXS" type="Int32" label="FXO/FXS" />
    <field name="AmphenolPtchPnlReq" type="Boolean" label="Amphenol Ptch Pnl Req">
      <items style="DropDownList" />
    </field>
    <field name="CycladesPort" type="String" label="CycladesPort" allowQBE="false" allowSorting="false" htmlEncode="false" hidden="false" length="50">
      <items letters="false" />
    </field>
    <field name="FLCMESRST100" type="Int32" label="FL-CME-SRST-100" htmlEncode="false" hidden="false">
      <items letters="false" />
    </field>
    <field name="BOM_ROUTERTYPE" type="String" label="NewRouterModel" showInSummary="true" htmlEncode="false" hidden="false" length="250">
      <items style="DropDownList" dataController="ctlBOMROUTERTYPE" dataView="grid1" dataValueField="BOMROUTERTYPE" letters="false" />
    </field>
    <field name="IPTNetEng" type="String" label="IPTNet Eng" showInSummary="true" htmlEncode="false" hidden="false" length="50">
      <items style="Lookup" dataController="ctlIPT_NET_ENG" dataView="grid1" dataValueField="IPTNetEng" letters="false" />
    </field>
    <field name="SiteVisits" type="UInt32" readOnly="true" label="SiteVisit#" htmlEncode="false" hidden="false">
      <items letters="false" />
    </field>
    <field name="CABSPWR150CM" type="String" label="CAB-SPWR-150CM" allowQBE="false" allowSorting="false" htmlEncode="false" hidden="false" length="50">
      <items letters="false" />
    </field>
    <field name="C3KXPSBLANK" type="String" label="C3KX-PS-BLANK" allowQBE="false" allowSorting="false" htmlEncode="false" hidden="false" length="50">
      <items letters="false" />
    </field>
  </fields>
  <views>
    <view id="grid1" type="DataSheet" commandId="command1" label="Hardware View" access="Public">
      <headerText />
      <dataFields>
        <dataField fieldName="ID" columns="15" hidden="true" />
        <dataField fieldName="SITE_ALIAS" />
        <dataField fieldName="SiteVisits" columns="15" />
        <dataField fieldName="IPTNetEng" />
        <dataField fieldName="BranchName" />
        <dataField fieldName="WLANInstallPlannedDate" columns="10" />
        <dataField fieldName="WLANInstallActualDate" columns="10" />
        <dataField fieldName="SiteVisitReschedule" columns="10" />
        <dataField fieldName="WLANStatus" />
        <dataField fieldName="APsReqd" columns="15" />
        <dataField fieldName="WSSIsReqd" columns="15" />
        <dataField fieldName="PwrInjsRqrd" columns="15" />
        <dataField fieldName="n3750xSwReqd" columns="15" />
        <dataField fieldName="SwitchRefr" />
        <dataField fieldName="SwitchADD" />
        <dataField fieldName="n3750xSwNotes" rows="5" />
        <dataField fieldName="IPTSwitchReplacement" />
        <dataField fieldName="SWProjPhoenix" />
        <dataField fieldName="Add2ndSW" columns="50" />
        <dataField fieldName="Add3rdSW" columns="50" />
        <dataField fieldName="WSC3750X48PS" columns="50" />
        <dataField fieldName="C3KXPWR715WAC2" columns="50" />
        <dataField fieldName="CAB3KXAC" columns="50" />
        <dataField fieldName="C3KXNM10G" columns="50" />
        <dataField fieldName="GLCT" columns="50" />
        <dataField fieldName="GLCSXMMD" columns="50" />
        <dataField fieldName="CABSTACK1M" columns="50" />
        <dataField fieldName="CABSPWR150CM" columns="50" />
        <dataField fieldName="C3KXPSBLANK" columns="50" />
        <dataField fieldName="IPTYNexisting" />
        <dataField fieldName="RouterRefr" />
        <dataField fieldName="RtrMdlCurrent" />
        <dataField fieldName="RtrCktUpgrActual" columns="10" />
        <dataField fieldName="RouterName" />
        <dataField fieldName="RTRProjPhoenix" />
        <dataField fieldName="CurrentBndwdth" />
        <dataField fieldName="BndwdthUpgrdyesno" />
        <dataField fieldName="RecmdUpgrdCktsize" />
        <dataField fieldName="ActualCKTUpgradeSize" />
        <dataField fieldName="CktUpgrType" />
        <dataField fieldName="CktUpgrStatus" />
        <dataField fieldName="RouterUpgrStatus" />
        <dataField fieldName="ReadinessEquipmentStatus" columns="50" readOnly="true"/>
        <dataField fieldName="ReadinessEquipmentStatusDate" columns="10" />
        <dataField fieldName="BenchRouterType" />
        <dataField fieldName="RtrCktUpgrPlanned" columns="10" />
        <dataField fieldName="CktUpgrActual" columns="50" />
        <dataField fieldName="BOM_ROUTERTYPE" />
        <dataField fieldName="EMHDA6FXO" />
        <dataField fieldName="EVMHD8FXSDID" />
        <dataField fieldName="PVDM332" />
        <dataField fieldName="PVDM364" />
        <dataField fieldName="SL29UCK9" />
        <dataField fieldName="SL39UCK9" />
        <dataField fieldName="SMNMADPTR" />
        <dataField fieldName="SMX1T3E3" />
        <dataField fieldName="VIC24FXO" columns="15" />
        <dataField fieldName="VIC34FXSDID" columns="15" />
        <dataField fieldName="VWIC34MFTT1E1" />
        <dataField fieldName="VG224" columns="15" />
        <dataField fieldName="FLSRST" columns="15" />
        <dataField fieldName="FLCMESRST100" />
        <dataField fieldName="AmphenolPtchPnlReq" />
        <dataField fieldName="WLANDeploy" />
        <dataField fieldName="ReadinessDeploy" />
        <dataField fieldName="EUCCoordinator" />
        <dataField fieldName="SiteNotes" rows="5" />
        <dataField fieldName="Users" columns="15" />
        <dataField fieldName="Devcs" columns="15" />
        <dataField fieldName="EUCRegn" />
        <dataField fieldName="MACCode" columns="50" />
        <dataField fieldName="ADDRESS1" />
        <dataField fieldName="City" />
        <dataField fieldName="State" />
      </dataFields>
    </view>
  </views>
  <actions>
    <actionGroup id="ag6" scope="ActionBar" headerText="Record">
      <action id="a1" whenLastCommandName="Edit" commandName="Update" />
      <action id="a2" whenLastCommandName="Edit" commandName="Cancel" />
    </actionGroup>
    <actionGroup id="ag5" scope="ActionBar" headerText="Actions">
      <action id="a1" commandName="ExportCsv" headerText="Export to Spreadsheet" />
      <action id="a2" />
      <action id="a5" />
    </actionGroup>
    <actionGroup id="ag4" scope="ActionBar" headerText="Edit" flat="true">
      <action id="a1" whenKeySelected="true" commandName="Edit" cssClass="EditIcon" whenView="grd1" />
    </actionGroup>
    <actionGroup id="ag1" scope="Grid">
      <action id="a1" commandName="Select" />
      <action id="a2" commandName="Edit" />
      <action id="a101" />
      <action commandArgument="NSA_Address_Info.aspx?_controller=NSA_Address_Info&amp;ID={ID}&amp;_commandName=Select&amp;_commandArgument=grid1" id="a100" commandName="Navigate" headerText="Goto the same record in Enterprise" description="Navigate to Enterprise page using selected record." />
    </actionGroup>
    <actionGroup id="ag100" scope="ActionBar" headerText="Goto the same record in Enterprise" flat="true">
      <action commandName="Navigate" commandArgument="NSA_Address_Info.aspx?_controller=NSA_Address_Info&amp;ID={ID}&amp;_commandName=Select&amp;_commandArgument=grid1" headerText="Goto the same record in Enterprise" id="a100" description="Navigate to Enterprise page using selected record." />
    </actionGroup>
  </actions>
  <businessRules>
    <rule id="r100" commandName="Update" type="Sql" phase="Before" name="setequipmentstatusdefault"><![CDATA[if @ReadinessEquipmentStatus is null and @BOM_ROUTERTYPE is not null 
begin
     Set @ReadinessEquipmentStatus ='Not Started'
end
if  @BOM_ROUTERTYPE is null 
begin
     Set @ReadinessEquipmentStatus =null
end
]]></rule>
    <rule id="r104" commandName="Update" type="Sql" phase="Execute" name="FieldAudit"><![CDATA[if @BndwdthUpgrdyesno_NewValue !=@BndwdthUpgrdyesno_OldValue
begin
insert into Field_Audit (tablename, columnname,parentid,oldvalue, newvalue,ModifiedDate,ModifyUser) 
values ('NSA_Address_Info','BndwdthUpgrdyesno', @ID,@BndwdthUpgrdyesno_OldValue, 
@BndwdthUpgrdyesno_NewValue,getDate(),@BusinessRules_UserName)
end

if @CurrentBndwdth_NewValue !=@CurrentBndwdth_OldValue
begin
insert into Field_Audit (tablename, columnname,parentid,oldvalue, newvalue,ModifiedDate,ModifyUser) 
values ('NSA_Address_Info','CurrentBndwdth', @ID,@CurrentBndwdth_OldValue, 
@CurrentBndwdth_NewValue,getDate(),@BusinessRules_UserName)
end


if @RecmdUpgrdCktsize_NewValue !=@RecmdUpgrdCktsize_OldValue
begin
insert into Field_Audit (tablename, columnname,parentid,oldvalue, newvalue,ModifiedDate,ModifyUser) 
values ('NSA_Address_Info','RecmdUpgrdCktsize', @ID,@RecmdUpgrdCktsize_OldValue, 
@RecmdUpgrdCktsize_NewValue,getDate(),@BusinessRules_UserName)
end


if @CktUpgrType_NewValue !=@CktUpgrType_OldValue
begin
insert into Field_Audit (tablename, columnname,parentid,oldvalue, newvalue,ModifiedDate,ModifyUser) 
values ('NSA_Address_Info','CktUpgrType', @ID,@CktUpgrType_OldValue, 
@CktUpgrType_NewValue,getDate(),@BusinessRules_UserName)
end]]></rule>
  </businessRules>
</dataController>