﻿<?xml version="1.0" encoding="utf-8"?>
<dataController name="ctlhistory" conflictDetection="overwriteChanges" label="ctlhistory" xmlns="urn:schemas-codeontime-com:data-aquarium">
  <commands>
    <command id="command1" type="Text" custom="true">
      <text><![CDATA[select
	"NSA_History"."ID" "ID"
	,"NSA_History"."HistoryID" "HistoryID"
	,"NSA_History"."SITE_ALIAS" "SITE_ALIAS"
	,"NSA_History"."DataElement" "DataElement"
	,"NSA_History"."OriginalDate" "OriginalDate"
	,"NSA_History"."ChangedDate" "ChangedDate"
	,"NSA_History"."updateUser" "updateUser"
	,"NSA_History"."Previous" "Previous"
	,"NSA_History"."New" "New"
from "dbo"."NSA_History" "NSA_History"]]></text>
    </command>
  </commands>
  <fields>
    <field name="ID" type="Int32" allowNulls="false" label="Id" showInSummary="true" />
    <field name="HistoryID" type="Int32" allowNulls="false" isPrimaryKey="true" label="History#" readOnly="true" />
    <field name="SITE_ALIAS" type="String" allowQBE="false" allowSorting="false" label="Site Alias" showInSummary="true" />
    <field name="DataElement" type="String" allowNulls="false" allowQBE="false" allowSorting="false" label="Data Element" showInSummary="true" />
    <field name="OriginalDate" type="DateTime" label="Original Date" showInSummary="true" />
    <field name="ChangedDate" type="DateTime" label="Changed Date" showInSummary="true" />
    <field name="updateUser" type="String" allowQBE="false" allowSorting="false" label="update User" />
    <field name="Previous" type="String" allowQBE="false" allowSorting="false" label="Previous" />
    <field name="New" type="String" allowQBE="false" allowSorting="false" label="New" />
  </fields>
  <views>
    <view id="grid1" type="Grid" commandId="command1" label="Ctlhistory">
      <headerText>$DefaultGridViewDescription</headerText>
      <dataFields>
        <dataField fieldName="ID" columns="15" />
        <dataField fieldName="SITE_ALIAS" rows="5" />
        <dataField fieldName="DataElement" rows="5" />
        <dataField fieldName="OriginalDate" columns="10" />
        <dataField fieldName="ChangedDate" columns="10" />
        <dataField fieldName="updateUser" rows="5" />
        <dataField fieldName="Previous" rows="5" />
        <dataField fieldName="New" rows="5" />
      </dataFields>
    </view>
  </views>
  <actions>
    <actionGroup id="ag101" scope="ActionBar" headerText="Refresh" flat="true">
      <action commandName="Custom" commandArgument="Refresh" headerText="Refresh" id="a100" />
      <action id="a101" />
    </actionGroup>
  </actions>
  <businessRules>
    <rule id="r101" commandName="Custom" type="JavaScript" phase="Execute" name="syncup" commandArgument="Refresh"><![CDATA[$appfactory.find('ctlhistory','Controller').sync();]]></rule>
  </businessRules>
</dataController>