﻿<?xml version="1.0" encoding="utf-8"?>
<dataController name="ctlInventory_EA" conflictDetection="overwriteChanges" label="ctlInventory_EA" xmlns="urn:schemas-codeontime-com:data-aquarium">
  <commands>
    <command id="command1" type="Text" custom="true">
      <text><![CDATA[select
	"NSA_INVENTORY_EA_STAGE"."IDENTIFIER" "IDENTIFIER"
	,"NSA_INVENTORY_EA_STAGE"."EIPT_APPLICATION" "EIPT_APPLICATION"
	,"NSA_INVENTORY_EA_STAGE"."EIPT_CALL_CONTROL_PLATFORM" "EIPT_CALL_CONTROL_PLATFORM"
	,"NSA_INVENTORY_EA_STAGE"."EIPT_CLUSTER" "EIPT_CLUSTER"
	,"NSA_INVENTORY_EA_STAGE"."EIPT_DEVICE_POOL" "EIPT_DEVICE_POOL"
	,"NSA_INVENTORY_EA_STAGE"."EIPT_SITE_ALIAS" "EIPT_SITE_ALIAS"
	,"NSA_INVENTORY_EA_STAGE"."EIPT_SITE_BIAS" "EIPT_SITE_BIAS"
	,"NSA_INVENTORY_EA_STAGE"."E911_CALL_ROUTING_PROFILE" "E911_CALL_ROUTING_PROFILE"
	,"NSA_INVENTORY_EA_STAGE"."E911_TECHNOLOGY_SOLUTION" "E911_TECHNOLOGY_SOLUTION"
	,"NSA_INVENTORY_EA_STAGE"."E911_ELIN" "E911_ELIN"
	,"NSA_INVENTORY_EA_STAGE"."E911_ERL" "E911_ERL"
from "NSA_PROJECT_STAGE"."dbo"."NSA_INVENTORY_EA_STAGE" "NSA_INVENTORY_EA_STAGE"
]]></text>
    </command>
  </commands>
  <fields>
    <field name="IDENTIFIER" type="String" label="Identifier" length="4000" showInSummary="true" />
    <field name="EIPT_APPLICATION" type="String" label="Eipt Application" length="4000" showInSummary="true" />
    <field name="EIPT_CALL_CONTROL_PLATFORM" type="String" label="Eipt Call Control Platform" length="4000" showInSummary="true" />
    <field name="EIPT_CLUSTER" type="String" label="Eipt Cluster" length="4000" showInSummary="true" />
    <field name="EIPT_DEVICE_POOL" type="String" label="Eipt Device Pool" length="4000" showInSummary="true" />
    <field name="EIPT_SITE_ALIAS" type="String" label="Eipt Site Alias" length="4000" />
    <field name="EIPT_SITE_BIAS" type="String" label="Eipt Site Bias" length="4000" />
    <field name="E911_CALL_ROUTING_PROFILE" type="String" label="E911 Call Routing Profile" length="4000" />
    <field name="E911_TECHNOLOGY_SOLUTION" type="String" label="E911 Technology Solution" length="4000" />
    <field name="E911_ELIN" type="String" label="E911 Elin" length="4000" />
    <field name="E911_ERL" type="String" label="E911 Erl" length="4000" />
  </fields>
  <views>
    <view id="editForm1" type="Form" commandId="command1" label="Inventory EA">
      <headerText />
      <categories>
        <category id="c1" headerText="ctl Inventory EA" newColumn="true">
          <description><![CDATA[$DefaultEditDescription]]></description>
          <dataFields>
            <dataField fieldName="IDENTIFIER" />
            <dataField fieldName="EIPT_APPLICATION" />
            <dataField fieldName="EIPT_CALL_CONTROL_PLATFORM" />
            <dataField fieldName="EIPT_CLUSTER" />
            <dataField fieldName="EIPT_DEVICE_POOL" />
            <dataField fieldName="EIPT_SITE_ALIAS" />
            <dataField fieldName="EIPT_SITE_BIAS" />
            <dataField fieldName="E911_CALL_ROUTING_PROFILE" />
            <dataField fieldName="E911_TECHNOLOGY_SOLUTION" />
            <dataField fieldName="E911_ELIN" />
            <dataField fieldName="E911_ERL" />
          </dataFields>
        </category>
      </categories>
    </view>
  </views>
  <actions>
    <actionGroup id="ag1" scope="Grid">
      <action id="a1" commandName="Select" commandArgument="editForm1" />
      <action id="a2" commandName="Edit" />
      <action id="a3" commandName="Delete" />
      <action id="a6" />
      <action id="a7" commandName="New" />
      <action id="a8" commandName="Duplicate" />
    </actionGroup>
    <actionGroup id="ag2" scope="Form">
      <action id="a1" commandName="Edit" />
      <action id="a2" commandName="Delete" />
      <action id="a3" commandName="Cancel" />
      <action id="a4" whenLastCommandName="Edit" commandName="Update" />
      <action id="a5" whenLastCommandName="Edit" commandName="Delete" />
      <action id="a6" whenLastCommandName="Edit" commandName="Cancel" />
      <action id="a7" whenLastCommandName="New" commandName="Insert" />
      <action id="a8" whenLastCommandName="New" commandName="Cancel" />
      <action id="a9" whenLastCommandName="Duplicate" commandName="Insert" />
      <action id="a10" whenLastCommandName="Duplicate" commandName="Cancel" />
      <action id="a13" whenLastCommandName="Insert" commandName="Select" commandArgument="editForm1" whenKeySelected="true" whenClientScript="this.get_hasDetails()" />
    </actionGroup>
    <actionGroup id="ag3" scope="ActionBar" headerText="New" flat="true">
      <action id="a1" commandName="New" cssClass="NewIcon" />
    </actionGroup>
    <actionGroup id="ag4" scope="ActionBar" headerText="Edit/Delete" flat="true">
      <action id="a1" whenKeySelected="true" commandName="Edit" commandArgument="editForm1" cssClass="EditIcon" />
      <action id="a2" whenKeySelected="true" commandName="Delete" cssClass="DeleteIcon" />
    </actionGroup>
    <actionGroup id="ag5" scope="ActionBar" headerText="Actions">
      <action id="a1" commandName="ExportCsv" />
      <action id="a2" />
      <action id="a3" commandName="ExportRowset" />
      <action id="a4" commandName="ExportRss" />
    </actionGroup>
    <actionGroup id="ag6" scope="ActionBar" headerText="Record">
      <action id="a1" whenLastCommandName="Edit" commandName="Update" />
      <action id="a2" whenLastCommandName="Edit" commandName="Cancel" />
      <action id="a3" whenLastCommandName="New" commandName="Insert" />
      <action id="a4" whenLastCommandName="New" commandName="Cancel" />
    </actionGroup>
    <actionGroup id="ag8" scope="Row">
      <action id="a4" whenLastCommandName="Edit" commandName="Update" />
      <action id="a5" whenLastCommandName="Edit" commandName="Cancel" />
      <action id="a6" whenLastCommandName="New" commandName="Insert" />
      <action id="a7" whenLastCommandName="New" commandName="Cancel" />
    </actionGroup>
  </actions>
</dataController>