﻿<?xml version="1.0" encoding="utf-8"?>
<dataController name="ctlIPTCritcalPathDetail" conflictDetection="overwriteChanges" label="ctlIPTCritcalPathDetail" xmlns="urn:schemas-codeontime-com:data-aquarium">
  <commands />
  <fields>
    <field name="WorkStream" type="String" allowNulls="false" label="Work Stream" readOnly="true" length="3" showInSummary="true" />
    <field name="SiteCode" type="String" label="Site Code" length="255" showInSummary="true" readOnly="true" />
    <field name="MAC" type="String" label="Mac" length="15" showInSummary="true" readOnly="true" />
    <field name="City" type="String" label="City" length="2000" showInSummary="true" readOnly="true" />
    <field name="SiteVisit" type="Int32" label="Site Visit" showInSummary="true" readOnly="true" />
    <field name="BndwdthUpgrdyesno" type="String" label="Bndwdth Upgrd yes no" length="2000" readOnly="true" />
    <field name="CktUpgrStatus" type="String" label="Ckt Upgr Status" length="2000" readOnly="true" />
    <field name="RtrCktUpgrPlanned" type="String" label="Rtr Ckt Upgr Planned" readOnly="true" length="10" />
    <field name="RtrCktUpgrActual" type="String" label="Rtr Ckt Upgr Actual" readOnly="true" length="10" />
    <field name="KickoffMeetingwithsite" type="Boolean" label="Kick off Meeting with site" readOnly="true" />
    <field name="IPTConversionDatePlanned" type="String" label="IPT Conversion Date Planned" readOnly="true" length="10" />
    <field name="SubmissionforSonusPortOrders" type="String" label="Submission for Sonus Port Orders" readOnly="true" length="10" />
    <field name="SubmittedCRforsiteImplementation" type="Boolean" label="SubmittedCRforsiteImplementation" readOnly="true" />
    <field name="IPTConversionDateActual" type="String" label="IPT Conversion Date Actual" readOnly="true" length="10" />
  </fields>
  <views>
    <view id="grid1" type="DataSheet" label="IPT Critcal Path Detail">
      <dataFields>
        <dataField fieldName="WorkStream" columns="3" />
        <dataField fieldName="SiteCode" rows="5" />
        <dataField fieldName="MAC" columns="15" />
        <dataField fieldName="City" rows="5" />
        <dataField fieldName="SiteVisit" columns="15" />
        <dataField fieldName="BndwdthUpgrdyesno" rows="5" />
        <dataField fieldName="CktUpgrStatus" rows="5" />
        <dataField fieldName="RtrCktUpgrPlanned" columns="10" />
        <dataField fieldName="RtrCktUpgrActual" columns="10" />
        <dataField fieldName="KickoffMeetingwithsite" />
        <dataField fieldName="IPTConversionDatePlanned" columns="10" />
        <dataField fieldName="SubmissionforSonusPortOrders" columns="10" />
        <dataField fieldName="SubmittedCRforsiteImplementation" />
        <dataField fieldName="IPTConversionDateActual" columns="10" />
      </dataFields>
    </view>
  </views>
  <actions>
    <actionGroup id="ag5" scope="ActionBar" headerText="Actions">
      <action id="a1" commandName="ExportCsv" headerText="Export to Spreadsheet" />
      <action id="a2" />
    </actionGroup>
  </actions>
  <businessRules>
    <rule type="Sql" id="enableResultSet" commandName="Select" phase="Before"><![CDATA[set @BusinessRules_EnableResultSet = 1
-- Enable caching of the result set. Duration is specified in seconds.
-- set @BusinessRules_ResultSetCacheDuration = 30 ]]></rule>
    <rule type="Sql" id="getData" commandName="Select" phase="Before"><![CDATA[EXEC IPTCritcalPathDetail]]></rule>
    <rule type="Sql" id="insert" commandName="Insert" phase="Before"><![CDATA[set @BusinessRules_PreventDefault = 1
-- implement insert here]]></rule>
    <rule type="Sql" id="update" commandName="Update" phase="Before"><![CDATA[set @BusinessRules_PreventDefault = 1
-- implement update here]]></rule>
    <rule type="Sql" id="delete" commandName="Delete" phase="Before"><![CDATA[set @BusinessRules_PreventDefault = 1
-- implement delete here]]></rule>
  </businessRules>
</dataController>