﻿<?xml version="1.0" encoding="utf-8"?>
<dataController name="ctlIssue" conflictDetection="overwriteChanges" label="ctlIssue" xmlns="urn:schemas-codeontime-com:data-aquarium">
  <commands>
    <command id="command1" type="Text" custom="false">
      <text><![CDATA[select
	"Issues"."Issue_Number" "IssueNumber"
                ,"Issues"."ID" "ID"
                ,"Issues"."ISSUEType" "ISSUEType"
                ,"Issues"."ISSUEStatus" "ISSUEStatus"
                ,"Issues"."ISSUEPriority" "ISSUEPriority"
	,"Issues"."IssueOwner" "IssueOwner"
	,"Issues"."IssueStart" "IssueStart"
	,"Issues"."IssueEnd" "IssueEnd"
	,"Issues"."Issuenotes" "Issuenotes"
	,"Issues"."createuser" "createuser"
	,"Issues"."createdate" "createdate"
	,"Issues"."updateuser" "updateuser"
	,"Issues"."updatedate" "updatedate"
	,"Issues"."workstream" "workstream"
from  nsa_project.dbo.Issues]]></text>
    </command>
    <command id="cmdinserted" type="Text" event="Inserted" custom="false">
      <text><![CDATA[select @@identity]]></text>
    </command>
  </commands>
  <fields>
    <field name="IssueNumber" type="Int32" allowNulls="false" isPrimaryKey="true" label="Issue Number" hidden="false" />
    <field name="ID" type="Int32" allowNulls="false" label="Id" showInSummary="true" hidden="true" />
    <field name="ISSUEType" type="String" label="Issue Type" length="2000" showInSummary="true">
      <items style="Lookup" dataController="Issue_Type" dataView="grid1" dataValueField="IssueType" />
    </field>
    <field name="ISSUEStatus" type="String" label="Issue Status" length="2000" showInSummary="true">
      <items style="Lookup" dataController="Issue_Status" dataView="grid1" dataValueField="IssueStatus" />
    </field>
    <field name="ISSUEPriority" type="String" label="Issue Priority" length="50" showInSummary="true">
      <items style="Lookup" dataController="Issue_Priority" dataView="grid1" dataValueField="IssuePriority" />
    </field>
    <field name="IssueOwner" type="String" label="Issue Owner" length="2000" />
    <field name="IssueStart" type="DateTime" label="Issue Start" />
    <field name="IssueEnd" type="DateTime" label="Issue End" />
    <field name="Issuenotes" type="String" allowQBE="false" allowSorting="false" label="Issue Notes" />
    <field name="createuser" type="String" label="Create User" length="50" hidden="true" />
    <field name="createdate" type="DateTime" label="Create Date" hidden="true" />
    <field name="updateuser" type="String" label="Update User" length="50" readOnly="true" calculated="true" />
    <field name="updatedate" type="DateTime" label="Update Date" readOnly="true" />
    <field name="workstream" type="String" label="Work Stream" allowQBE="false" allowSorting="false" htmlEncode="false" hidden="false" length="50">
      <items style="DropDownList" letters="false" dataController="ctlworkstream" dataView="grid1" dataValueField="workstream" />
    </field>
  </fields>
  <views>
    <view id="grid1" type="Grid" commandId="command1" label="Issue">
      <headerText />
      <dataFields>
        <dataField fieldName="ID" columns="15" hidden="true" />
        <dataField fieldName="IssueNumber" />
        <dataField fieldName="workstream" columns="40" />
        <dataField fieldName="ISSUEType" />
        <dataField fieldName="ISSUEStatus" />
        <dataField fieldName="ISSUEPriority" columns="50" />
        <dataField fieldName="IssueOwner" />
        <dataField fieldName="IssueStart" columns="10" />
        <dataField fieldName="IssueEnd" columns="10" />
        <dataField fieldName="Issuenotes" rows="5" />
      </dataFields>
    </view>
    <view id="editForm1" type="Form" commandId="command1" label="Review/Edit Issue">
      <headerText />
      <categories>
        <category id="c1" newColumn="true">
          <description />
          <dataFields>
            <dataField fieldName="ID" columns="15" />
            <dataField fieldName="IssueNumber" hidden="true" />
            <dataField fieldName="workstream" columns="30" />
            <dataField fieldName="ISSUEType" />
            <dataField fieldName="ISSUEStatus" />
            <dataField fieldName="ISSUEPriority" columns="50" />
            <dataField fieldName="IssueOwner" />
            <dataField fieldName="IssueStart" columns="10" />
            <dataField fieldName="IssueEnd" columns="10" />
            <dataField fieldName="Issuenotes" rows="5" />
          </dataFields>
        </category>
        <category id="c2" newColumn="true">
          <dataFields>
            <dataField fieldName="updatedate" columns="10" />
            <dataField fieldName="updateuser" columns="50" />
            <dataField fieldName="createdate" columns="10" readOnly="true" />
            <dataField fieldName="createuser" columns="50" readOnly="true" />
          </dataFields>
        </category>
      </categories>
    </view>
    <view id="createForm1" type="Form" commandId="command1" label="New Issue">
      <headerText />
      <categories>
        <category id="c1" newColumn="true">
          <description />
          <dataFields>
            <dataField fieldName="ID" columns="15" hidden="true" />
            <dataField fieldName="IssueNumber" hidden="true" />
            <dataField fieldName="workstream" columns="30" />
            <dataField fieldName="ISSUEType" />
            <dataField fieldName="ISSUEStatus" />
            <dataField fieldName="ISSUEPriority" columns="50" />
            <dataField fieldName="IssueOwner" />
            <dataField fieldName="IssueStart" columns="10" />
            <dataField fieldName="IssueEnd" columns="10" />
            <dataField fieldName="Issuenotes" rows="5" />
            <dataField fieldName="createuser" columns="40" hidden="true" />
            <dataField fieldName="createdate" columns="10" hidden="true" />
          </dataFields>
        </category>
      </categories>
    </view>
  </views>
  <actions>
    <actionGroup id="ag1" scope="Grid">
      <action id="a1" commandName="Select" commandArgument="editForm1" />
      <action id="a2" commandName="Edit" commandArgument="editform1" />
      <action id="a6" />
      <action id="a7" commandName="New" commandArgument="createForm1" />
    </actionGroup>
    <actionGroup id="ag2" scope="Form">
      <action id="a1" commandName="Edit" />
      <action id="a3" commandName="Cancel" />
      <action id="a4" whenLastCommandName="Edit" commandName="Update" />
      <action id="a6" whenLastCommandName="Edit" commandName="Cancel" />
      <action id="a7" whenLastCommandName="New" commandName="Insert" />
      <action id="a8" whenLastCommandName="New" commandName="Cancel" />
      <action id="a13" whenLastCommandName="Insert" whenView="createForm1" commandName="Select" commandArgument="editForm1" whenKeySelected="true" whenClientScript="this.get_hasDetails()" />
    </actionGroup>
    <actionGroup id="ag3" scope="ActionBar" headerText="New" flat="true">
      <action id="a1" commandName="New" commandArgument="createForm1" cssClass="NewIcon" />
    </actionGroup>
    <actionGroup id="ag4" scope="ActionBar" headerText="Edit/Review" flat="true">
      <action id="a1" whenKeySelected="true" commandName="Edit" commandArgument="editForm1" cssClass="EditIcon" whenView="grid1" />
    </actionGroup>
    <actionGroup id="ag6" scope="ActionBar" headerText="Record">
      <action id="a1" whenLastCommandName="Edit" commandName="Update" />
      <action id="a2" whenLastCommandName="Edit" commandName="Cancel" />
      <action id="a3" whenLastCommandName="New" commandName="Insert" />
      <action id="a4" whenLastCommandName="New" commandName="Cancel" />
    </actionGroup>
    <actionGroup id="ag8" scope="Row">
      <action id="a4" whenLastCommandName="Edit" commandName="Update" />
      <action id="a5" whenLastCommandName="Edit" commandName="Cancel" />
      <action id="a6" whenLastCommandName="New" commandName="Insert" />
      <action id="a7" whenLastCommandName="New" commandName="Cancel" />
    </actionGroup>
  </actions>
  <businessRules>
    <rule id="r101" commandName="Update" type="Sql" phase="After" name="UpdateModifyFields"><![CDATA[update issues set updateuser=@BusinessRules_UserName,updatedate=getdate() where issue_number=@issuenumber]]></rule>
    <rule id="r100" commandName="Insert" type="Sql" phase="Execute" name="SetCreateFieldDefault"><![CDATA[set @createuser=@BusinessRules_UserName
set @createdate=getDate()]]></rule>
  </businessRules>
</dataController>