﻿<?xml version="1.0" encoding="utf-8"?>
<dataController name="ctlInventory" conflictDetection="overwriteChanges" label="ctlInventory" xmlns="urn:schemas-codeontime-com:data-aquarium">
  <commands>
    <command id="command1" type="Text" custom="false">
      <text><![CDATA[select
	"NSA_INVENTORY_STAGE"."SITE_CODE" "SITE_CODE"
	,"NSA_INVENTORY_STAGE"."MAC5" "MAC5"
	,"NSA_INVENTORY_STAGE"."IDENTIFIER" "IDENTIFIER"
	,"NSA_INVENTORY_STAGE"."INV_STATUS" "INV_STATUS"
	,"NSA_INVENTORY_STAGE"."CLASSOFSERVICE" "CLASSOFSERVICE"
	,"NSA_INVENTORY_STAGE"."DATANETWORK" "DATANETWORK"
	,"NSA_INVENTORY_STAGE"."CARRIER" "CARRIER"
	,"NSA_INVENTORY_STAGE"."INV_DESCRIPTION" "INV_DESCRIPTION"
	,"NSA_INVENTORY_STAGE"."INSTALLDATE" "INSTALLDATE"
	,"NSA_INVENTORY_STAGE"."DISCONNECTDATE" "DISCONNECTDATE"
from "NSA_PROJECT_STAGE"."dbo"."NSA_INVENTORY_STAGE" "NSA_INVENTORY_STAGE" where "NSA_INVENTORY_STAGE"."SITE_CODE"='70H'
]]></text>
    </command>
  </commands>
  <fields>
    <field name="SITE_CODE" type="String" label="Site Code" length="4000" showInSummary="true" />
    <field name="MAC5" type="String" label="Mac5" length="4000" showInSummary="true" />
    <field name="IDENTIFIER" type="String" label="Identifier" length="4000" showInSummary="true" />
    <field name="INV_STATUS" type="String" label="Inv Status" length="4000" showInSummary="true" />
    <field name="CLASSOFSERVICE" type="String" label="Classofservice" length="4000" showInSummary="true" />
    <field name="DATANETWORK" type="String" label="Datanetwork" length="4000" />
    <field name="CARRIER" type="String" label="Carrier" length="4000" />
    <field name="INV_DESCRIPTION" type="String" label="Inv Description" length="4000" />
    <field name="APPLICATION" type="String" label="Application" length="4000" />
    <field name="INSTALLDATE" type="String" label="Installdate" length="4000" />
    <field name="DISCONNECTDATE" type="String" label="Disconnectdate" length="4000" />
    <field name="PRIORITY" type="String" label="Priority" length="4000" />
  </fields>
  <views>
    <view id="grid1" type="Grid" commandId="command1" label="Inventory" access="Public">
      <headerText></headerText>
      <dataFields>
        <dataField fieldName="SITE_CODE" />
        <dataField fieldName="MAC5" />
        <dataField fieldName="IDENTIFIER" />
        <dataField fieldName="INV_STATUS" />
        <dataField fieldName="CLASSOFSERVICE" />
        <dataField fieldName="DATANETWORK" />
        <dataField fieldName="CARRIER" />
        <dataField fieldName="INV_DESCRIPTION" />
        <dataField fieldName="INSTALLDATE" />
        <dataField fieldName="DISCONNECTDATE" />
      </dataFields>
    </view>
    <view id="editForm1" type="Form" commandId="command1" label="Review ctl Inventory">
      <headerText>$DefaultEditViewDescription</headerText>
      <categories>
        <category id="c1" headerText="ctl Inventory" newColumn="true">
          <description><![CDATA[$DefaultEditDescription]]></description>
          <dataFields>
            <dataField fieldName="SITE_CODE" />
            <dataField fieldName="MAC5" />
            <dataField fieldName="IDENTIFIER" />
            <dataField fieldName="INV_STATUS" />
            <dataField fieldName="CLASSOFSERVICE" />
            <dataField fieldName="DATANETWORK" />
            <dataField fieldName="CARRIER" />
            <dataField fieldName="INV_DESCRIPTION" />
            <dataField fieldName="APPLICATION" />
            <dataField fieldName="INSTALLDATE" />
            <dataField fieldName="DISCONNECTDATE" />
            <dataField fieldName="PRIORITY" />
          </dataFields>
        </category>
      </categories>
    </view>
    <view id="createForm1" type="Form" commandId="command1" label="New ctl Inventory">
      <headerText>$DefaultCreateViewDescription</headerText>
      <categories>
        <category id="c1" headerText="" newColumn="true">
          <description></description>
          <dataFields>
            <dataField fieldName="SITE_CODE" />
            <dataField fieldName="MAC5" />
            <dataField fieldName="IDENTIFIER" />
            <dataField fieldName="INV_STATUS" />
            <dataField fieldName="CLASSOFSERVICE" />
            <dataField fieldName="DATANETWORK" />
            <dataField fieldName="CARRIER" />
            <dataField fieldName="INV_DESCRIPTION" />
            <dataField fieldName="APPLICATION" />
            <dataField fieldName="INSTALLDATE" />
            <dataField fieldName="DISCONNECTDATE" />
            <dataField fieldName="PRIORITY" />
          </dataFields>
        </category>
      </categories>
    </view>
  </views>
  <actions>
    <actionGroup id="ag1" scope="Grid">
      <action id="a1" commandName="Select" commandArgument="editForm1" />
      <action id="a2" commandName="Edit" />
      <action id="a3" commandName="Delete" />
      <action id="a6" />
      <action id="a7" commandName="New" commandArgument="grid1" />
      <action id="a8" commandName="Duplicate" commandArgument="createForm1" />
    </actionGroup>
    <actionGroup id="ag2" scope="Form">
      <action id="a1" commandName="Edit" />
      <action id="a2" commandName="Delete" />
      <action id="a3" commandName="Cancel" />
      <action id="a4" whenLastCommandName="Edit" commandName="Update" />
      <action id="a5" whenLastCommandName="Edit" commandName="Delete" />
      <action id="a6" whenLastCommandName="Edit" commandName="Cancel" />
      <action id="a7" whenLastCommandName="New" commandName="Insert" />
      <action id="a8" whenLastCommandName="New" commandName="Cancel" />
      <action id="a9" whenLastCommandName="Duplicate" commandName="Insert" />
      <action id="a10" whenLastCommandName="Duplicate" commandName="Cancel" />
      <action id="a13" whenLastCommandName="Insert" whenView="createForm1" commandName="Select" commandArgument="editForm1" whenKeySelected="true" whenClientScript="this.get_hasDetails()" />
    </actionGroup>
    <actionGroup id="ag3" scope="ActionBar" headerText="New" flat="true">
      <action id="a1" commandName="New" commandArgument="createForm1" cssClass="NewIcon" />
    </actionGroup>
    <actionGroup id="ag4" scope="ActionBar" headerText="Edit/Delete" flat="true">
      <action id="a1" whenKeySelected="true" commandName="Edit" commandArgument="editForm1" cssClass="EditIcon" whenView="grid1" />
      <action id="a2" whenKeySelected="true" commandName="Delete" cssClass="DeleteIcon" whenView="grid1" />
    </actionGroup>
    <actionGroup id="ag5" scope="ActionBar" headerText="Actions">
      <action id="a1" commandName="ExportCsv" />
      <action id="a2" />
      <action id="a3" commandName="ExportRowset" />
      <action id="a4" commandName="ExportRss" />
    </actionGroup>
    <actionGroup id="ag6" scope="ActionBar" headerText="Record">
      <action id="a1" whenLastCommandName="Edit" commandName="Update" />
      <action id="a2" whenLastCommandName="Edit" commandName="Cancel" />
      <action id="a3" whenLastCommandName="New" commandName="Insert" />
      <action id="a4" whenLastCommandName="New" commandName="Cancel" />
    </actionGroup>
    <actionGroup id="ag8" scope="Row">
      <action id="a4" whenLastCommandName="Edit" commandName="Update" />
      <action id="a5" whenLastCommandName="Edit" commandName="Cancel" />
      <action id="a6" whenLastCommandName="New" commandName="Insert" />
      <action id="a7" whenLastCommandName="New" commandName="Cancel" />
    </actionGroup>
  </actions>
</dataController>