﻿<?xml version="1.0" encoding="utf-8"?>
<dataController name="ctlNSA_View_Draft" conflictDetection="overwriteChanges" label="ctlNSA_View_Draft" handler="Wells_Fargo.Rules.ctlNSA_View_DraftBusinessRules" xmlns="urn:schemas-codeontime-com:data-aquarium">
  <commands>
    <command id="command1" type="Text" custom="false">
      <text><![CDATA[select
	"NSA_View_Draft"."viewid" "viewid"
	,"NSA_View_Draft"."viewname" "viewname"
	,"NSA_View_Draft"."viewdesc" "viewdesc"
	,"NSA_View_Draft"."viewispublic" "viewispublic"
	,"NSA_View_Draft"."useridentity" "useridentity"
from "NSA_View_Draft" "NSA_View_Draft"
]]></text>
    </command>
  </commands>
  <fields>
    <field name="viewid" type="Int32" allowNulls="false" isPrimaryKey="true" label="Viewid" readOnly="true" />
    <field name="viewname" type="String" allowNulls="false" label="View name" length="50" showInSummary="true" />
    <field name="useridentity" type="String" label="useridentity" allowQBE="false" allowSorting="false" htmlEncode="false" hidden="true" length="255">
      <items letters="false" />
    </field>
  </fields>
  <views>
    <view id="createForm1" type="Form" commandId="command1" label="View Name">
      <headerText />
      <categories>
        <category id="c1" newColumn="true">
          <description><![CDATA[Note: Use Filter & Condition section to add/remove view filter.]]></description>
          <dataFields>
            <dataField fieldName="viewname" columns="35" />
            <dataField fieldName="useridentity" rows="5" hidden="true" />
          </dataFields>
        </category>
      </categories>
    </view>
  </views>
  <actions>
    <actionGroup id="ag100" scope="Form">
      <action commandName="Custom" commandArgument="Submit" headerText="Submit" whenLastCommandName="New" id="a100" />
    </actionGroup>
  </actions>
  <businessRules>
    <rule id="r100" commandName="Custom" commandArgument="Submit" type="Code" phase="Execute" name="cmdSubmit" />
    <rule id="r101" commandName="Select" type="Sql" phase="Before" name="cmd1"><![CDATA[begin
Delete from  NSA_View_Fields_Draft 
Delete from  View_Filter_Draft 
end
begin
Insert into NSA_View_Fields_Draft (tablename,fieldid,username,sequence,Visible) select Tablename,fieldid,@BusinessRules_UserName,sequence,0 
from NSA_Field_Info where NSA_Field_Info.Active=1
end
]]></rule>
  </businessRules>
</dataController>