﻿<?xml version="1.0" encoding="utf-8"?>
<dataController name="ctlNSA_View_Fields_Draft" conflictDetection="overwriteChanges" label="ctlNSA_View_Fields_Draft" xmlns="urn:schemas-codeontime-com:data-aquarium">
  <commands>
    <command id="command1" type="Text" custom="false">
      <text><![CDATA[select
	"NSA_View_Fields_Draft"."id" "id"
	,"NSA_View_Fields_Draft"."fieldid" "fieldid"
	,"NSA_View_Fields_Draft"."visible" "visible"
	,"NSA_View_Fields_Draft"."orderby" "orderby"
	,"NSA_View_Fields_Draft"."username" "username"
	,"NSA_View_Fields_Draft"."sequence" "sequence"
from "NSA_View_Fields_Draft" "NSA_View_Fields_Draft"  order by "NSA_View_Fields_Draft"."sequence"  ASC]]></text>
    </command>
  </commands>
  <fields>
    <field name="id" type="Int32" allowNulls="false" isPrimaryKey="true" label="Id" readOnly="true" hidden="true" />
    <field name="fieldid" type="String" label="Field" length="255" showInSummary="true" allowNulls="false">
      <items style="Lookup" dataController="NSA_Field_Info1" dataView="grid1" dataValueField="FieldID" dataTextField="FieldID" />
    </field>
    <field name="visible" type="Boolean" label="Visible" showInSummary="true">
      <items style="CheckBox" />
    </field>
    <field name="orderby" type="String" label="Order by" length="255" showInSummary="true">
      <items style="DropDownList">
        <item value="ASC" text="ASC" />
        <item value="DESC" text="DESC" />
      </items>
    </field>
    <field name="username" type="String" label="Username" length="255" showInSummary="true" hidden="true" />
    <field name="sequence" type="Int32" label="Sequence" allowQBE="false" allowSorting="false" htmlEncode="false" hidden="false" allowNulls="false">
      <items style="DropDownList" dataController="ctlsequence" dataView="grid1" dataValueField="sequence" letters="false" dataTextField="sequence" />
    </field>
  </fields>
  <views>
    <view id="grid1" type="DataSheet" commandId="command1" label="View Fields" filter="username=@BusinessRules_UserName">
      <headerText>Select fields to be incorported into your view.</headerText>
      <dataFields>
        <dataField fieldName="sequence" columns="15" />
        <dataField fieldName="fieldid" />
        <dataField fieldName="visible" />
        <dataField fieldName="orderby" />
        <dataField fieldName="username" hidden="true" />
        <dataField fieldName="id" columns="15" hidden="true" />
      </dataFields>
    </view>
  </views>
  <actions>
    <actionGroup id="ag1" scope="Grid">
      <action id="a1" commandName="Select" commandArgument="grid1" />
      <action id="a2" commandName="Edit" />
      <action id="a3" commandName="Delete" />
      <action id="a6" />
      <action id="a7" commandName="New" commandArgument="grid1" />
      <action id="a101" />
      <action commandName="Custom" commandArgument="DeleteAll" headerText="Remove All" id="a100" />
      <action commandName="Custom" commandArgument="VisibleAll" headerText="Make All Visible" id="a102" />
    </actionGroup>
    <actionGroup id="ag2" scope="Form">
      <action id="a1" commandName="Edit" />
      <action id="a2" commandName="Delete" />
      <action id="a3" commandName="Cancel" />
      <action id="a4" whenLastCommandName="Edit" commandName="Update" />
      <action id="a5" whenLastCommandName="Edit" commandName="Delete" />
      <action id="a6" whenLastCommandName="Edit" commandName="Cancel" />
      <action id="a7" whenLastCommandName="New" commandName="Insert" />
      <action id="a8" whenLastCommandName="New" commandName="Cancel" />
      <action id="a9" whenLastCommandName="Duplicate" commandName="Insert" />
      <action id="a10" whenLastCommandName="Duplicate" commandName="Cancel" />
      <action id="a13" whenLastCommandName="Insert" commandName="Select" whenKeySelected="true" whenClientScript="this.get_hasDetails()" />
    </actionGroup>
    <actionGroup id="ag3" scope="ActionBar" headerText="New" flat="true">
      <action id="a1" commandName="New" commandArgument="grid1" cssClass="NewIcon" />
    </actionGroup>
    <actionGroup id="ag4" scope="ActionBar" headerText="Edit/Delete" flat="true">
      <action id="a1" whenKeySelected="true" commandName="Edit" commandArgument="grid1" cssClass="EditIcon" whenView="grid1" />
      <action id="a2" whenKeySelected="true" commandName="Delete" cssClass="DeleteIcon" whenView="grid1" />
    </actionGroup>
    <actionGroup id="ag6" scope="ActionBar" headerText="Record">
      <action id="a1" whenLastCommandName="Edit" commandName="Update" />
      <action id="a2" whenLastCommandName="Edit" commandName="Cancel" />
      <action id="a3" whenLastCommandName="New" commandName="Insert" />
      <action id="a4" whenLastCommandName="New" commandName="Cancel" />
    </actionGroup>
    <actionGroup id="ag8" scope="Row">
      <action id="a4" whenLastCommandName="Edit" commandName="Update" />
      <action id="a5" whenLastCommandName="Edit" commandName="Cancel" />
      <action id="a6" whenLastCommandName="New" commandName="Insert" />
      <action id="a7" whenLastCommandName="New" commandName="Cancel" />
    </actionGroup>
    <actionGroup id="ag100" scope="ActionBar" headerText="Load Fields From Existing View">
      <action commandName="Custom" commandArgument="WLAN" headerText="WLAN" id="a100" />
      <action id="a114" />
      <action commandName="Custom" commandArgument="NetworkDesignWLAN" headerText="Network Design WLAN" id="a102" />
      <action id="a106" />
      <action commandName="Custom" commandArgument="IPT" headerText="IPT" id="a101" />
      <action id="a113" />
      <action commandName="Confirm" commandArgument="NetworkDesignIPT" headerText="Network Design IPT" id="a103" />
      <action id="a107" />
      <action commandName="Custom" commandArgument="SiteReadiness" headerText="Site Readiness" id="a104" />
      <action id="a108" />
      <action commandName="Custom" commandArgument="Hardware" headerText="Hardware" id="a105" />
      <action id="a109" />
      <action commandName="Custom" commandArgument="IssueView" headerText="Issue View" id="a111" />
      <action id="a112" />
      <action commandName="Custom" commandArgument="Reset" headerText="Reset" id="a110" />
    </actionGroup>
  </actions>
  <businessRules>
    <rule id="r100" commandName="Custom" type="Sql" phase="Execute" name="deleteall" commandArgument="DeleteAll"><![CDATA[begin
Delete from  NSA_View_Fields_Draft where username =@BusinessRules_UserName 
end
begin
Delete from  View_Filter_Draft where userIdentity=@BusinessRules_UserName 
end
]]></rule>
    <rule id="r101" commandName="Update|Insert" type="Sql" phase="Before" name="setuser"><![CDATA[set @username=@BusinessRules_UserName ]]></rule>
    <rule id="r102" commandName="Custom" commandArgument="VisibleAll" type="Sql" phase="Execute" name="VisibleAll"><![CDATA[begin
Update NSA_View_Fields_Draft set visible=1 where username=@BusinessRules_UserName 
end
]]></rule>
    <rule id="r103" commandName="Custom" commandArgument="WLAN" type="Sql" phase="Execute" name="loadfromwlan"><![CDATA[begin
Delete from  NSA_View_Fields_Draft where username =@BusinessRules_UserName 
end

begin
Delete from  View_Filter_Draft where userIdentity=@BusinessRules_UserName 
end 

begin
Insert into NSA_View_Fields_Draft (tablename,fieldid,username,sequence) select 'NSA_Address_Info',fieldid,@BusinessRules_UserName,sequence 
from WLAN_Field_Info
end

begin
Update NSA_View_Fields_Draft set visible=1 where username=@BusinessRules_UserName 
end

begin
Update NSA_View_Fields_Draft set OrderBy='ASC' where username=@BusinessRules_UserName and fieldid in('EUCCoordinator','WLANDeploy') 
end

begin
Insert into View_Filter_Draft (useridentity,ViewFilter) values(@BusinessRules_UserName,'WLANDeploy:<>%js%"OOS"')
end
]]></rule>
    <rule id="r104" commandName="Custom" commandArgument="IPT" type="Sql" phase="Execute" name="loadfromIPT"><![CDATA[begin
Delete from  NSA_View_Fields_Draft where username =@BusinessRules_UserName 
end

begin
Delete from  View_Filter_Draft where userIdentity=@BusinessRules_UserName 
end

begin
Insert into NSA_View_Fields_Draft (tablename,fieldid,username,sequence) select 'NSA_Address_Info',fieldid,@BusinessRules_UserName,sequence 
from IPT_Field_Info
end

begin
Update NSA_View_Fields_Draft set visible=1 where username=@BusinessRules_UserName 
end

begin
Update NSA_View_Fields_Draft set OrderBy='ASC' where username=@BusinessRules_UserName and fieldid in('RtrCktUpgrPlanned','IPTPhase') 
end

begin
Insert into View_Filter_Draft (useridentity,ViewFilter) values(@BusinessRules_UserName,'IPTYNexisting:<>%js%"Y"')
end]]></rule>
    <rule id="r105" commandName="Custom" commandArgument="NetworkDesignIPT" type="Sql" phase="Execute" name="LoadFromNetworkDesignIPT"><![CDATA[begin
Delete from  NSA_View_Fields_Draft where username =@BusinessRules_UserName 
end

begin
Delete from  View_Filter_Draft where userIdentity=@BusinessRules_UserName 
end

begin
Insert into NSA_View_Fields_Draft (tablename,fieldid,username,sequence) select 'NSA_Address_Info',fieldid,@BusinessRules_UserName,sequence 
from NETWORK_DESIGN_IPT_Field_Info
end

begin
Update NSA_View_Fields_Draft set visible=1 where username=@BusinessRules_UserName 
end

begin
Update NSA_View_Fields_Draft set OrderBy='ASC' where username=@BusinessRules_UserName and fieldid in('RtrCktUpgrPlanned','IPTPhase') 
end

begin
Insert into View_Filter_Draft (useridentity,ViewFilter) values(@BusinessRules_UserName,'IPTYNexisting:<>%js%"Y"\0~^ReadinessDeploy:<>%js%"OOS"')
end]]></rule>
    <rule id="r106" commandName="Custom" commandArgument="NetworkDesignWLAN" type="Sql" phase="Execute" name="LoadFromNetworkDesignWLAN"><![CDATA[begin
Delete from  NSA_View_Fields_Draft where username =@BusinessRules_UserName 
end

begin
Delete from  View_Filter_Draft where userIdentity=@BusinessRules_UserName 
end

begin
Insert into NSA_View_Fields_Draft (tablename,fieldid,username,sequence) select 'NSA_Address_Info',fieldid,@BusinessRules_UserName,sequence 
from NETWORK_DESIGN_WLAN_Field_Info
end

begin
Update NSA_View_Fields_Draft set visible=1 where username=@BusinessRules_UserName 
end

begin
Update NSA_View_Fields_Draft set OrderBy='ASC' where username=@BusinessRules_UserName and fieldid in('WLANStatus','WLANInstallPlannedDate') 
end

begin
Insert into View_Filter_Draft (useridentity,ViewFilter) values(@BusinessRules_UserName,'WLANDeploy:<>%js%"OOS"')
end]]></rule>
    <rule id="r107" commandName="Custom" commandArgument="SiteReadiness" type="Sql" phase="Execute" name="LoadFromSiteReadiness"><![CDATA[begin
Delete from  NSA_View_Fields_Draft where username =@BusinessRules_UserName 
end

begin
Delete from  View_Filter_Draft where userIdentity=@BusinessRules_UserName 
end

begin
Insert into NSA_View_Fields_Draft (tablename,fieldid,username,sequence) select 'NSA_Address_Info',fieldid,@BusinessRules_UserName,sequence 
from SITE_READINESS_Field_Info
end

begin
Update NSA_View_Fields_Draft set visible=1 where username=@BusinessRules_UserName 
end

begin
Update NSA_View_Fields_Draft set OrderBy='ASC' where username=@BusinessRules_UserName and fieldid in('ReadinessDeploy','RtrCktUpgrPlanned') 
end

begin
Insert into View_Filter_Draft (useridentity,ViewFilter) values(@BusinessRules_UserName,'IPTYNexisting:$in$%js%"N"$or$%js%"Pilot"')
end]]></rule>
    <rule id="r108" commandName="Custom" commandArgument="Hardware" type="Sql" phase="Execute" name="loadfromhardware"><![CDATA[begin
Delete from  NSA_View_Fields_Draft where username =@BusinessRules_UserName 
end

begin
Delete from  View_Filter_Draft where userIdentity=@BusinessRules_UserName 
end

begin
Insert into NSA_View_Fields_Draft (tablename,fieldid,username,sequence) select 'NSA_Address_Info',fieldid,@BusinessRules_UserName,sequence 
from Hardwareview_Field_Info
end

begin
Update NSA_View_Fields_Draft set visible=1 where username=@BusinessRules_UserName 
end]]></rule>
    <rule id="r109" commandName="Custom" commandArgument="Reset" type="Sql" phase="Execute" name="ResetFields"><![CDATA[begin
Delete from  NSA_View_Fields_Draft where username =@BusinessRules_UserName 
end
begin
Insert into NSA_View_Fields_Draft (tablename,fieldid,username,sequence) select Tablename,fieldid,@BusinessRules_UserName,sequence 
from NSA_Field_Info where NSA_Field_Info.Active=1 
end
begin
Delete from  View_Filter_Draft where useridentity=@BusinessRules_UserName
end]]></rule>
    <rule id="r110" commandName="Custom" commandArgument="IssueView" type="Sql" phase="Execute" name="LoadFromIssueView"><![CDATA[begin
Delete from  NSA_View_Fields_Draft where username =@BusinessRules_UserName 
end

begin
Delete from  View_Filter_Draft where userIdentity=@BusinessRules_UserName 
end

begin
Insert into NSA_View_Fields_Draft (tablename,fieldid,username,sequence) select 'NSA_Address_Info',fieldid,@BusinessRules_UserName,sequence 
from [Issueview_Field_Info]
end

begin
Update NSA_View_Fields_Draft set visible=1 where username=@BusinessRules_UserName 
end

begin
Update NSA_View_Fields_Draft set OrderBy='ASC' where username=@BusinessRules_UserName and fieldid in('WLANStatus','WLANInstallPlannedDate') 
end

begin
Insert into View_Filter_Draft (useridentity,ViewFilter) values(@BusinessRules_UserName,'WLANDeploy:<>%js%"OOS"')
end]]></rule>
    <rule id="r111" commandName="LoadfromExistingview" type="Sql" phase="Execute"><![CDATA[begin
Delete from  NSA_View_Fields_Draft where username =@BusinessRules_UserName 
end

begin
Delete from  View_Filter_Draft where userIdentity=@BusinessRules_UserName 
end

begin
Insert into NSA_View_Fields_Draft (tablename,fieldid,username,sequence) select 'NSA_Address_Info',fieldid,@BusinessRules_UserName,sequence 
from IPT_Field_Info
end

begin
Update NSA_View_Fields_Draft set visible=1 where username=@BusinessRules_UserName 
end

begin
Update NSA_View_Fields_Draft set OrderBy='ASC' where username=@BusinessRules_UserName and fieldid in('RtrCktUpgrPlanned','IPTPhase') 
end

begin
Insert into View_Filter_Draft (useridentity,ViewFilter) values(@BusinessRules_UserName,'IPTYNexisting:<>%js%"Y"')
end]]></rule>
  </businessRules>
</dataController>