﻿<?xml version="1.0" encoding="utf-8"?>
<dataController name="ctlNSA_FieldEmailNotification" conflictDetection="overwriteChanges" label="ctlNSA_FieldEmailNotification" xmlns="urn:schemas-codeontime-com:data-aquarium">
  <commands>
    <command id="command1" type="Text" custom="true">
      <text><![CDATA[SELECT 
       [groupid]
      ,[groupname]
      ,[predefinedsql]
FROM [dbo].[NSA_EmailNotificationGroup]]]></text>
    </command>
  </commands>
  <fields>
    <field name="groupid" type="Int32" allowNulls="false" label="Groupid" showInSummary="true" isPrimaryKey="true" />
    <field name="groupname" type="String" allowQBE="false" allowSorting="false" label="Groupname" showInSummary="true" />
    <field name="predefinedsql" type="String" allowQBE="false" allowSorting="false" label="Predefinedsql" showInSummary="true" hidden="true" />
  </fields>
  <views>
    <view id="grid1" type="Grid" commandId="command1" label="Field Email Notification">
      <headerText />
      <dataFields>
        <dataField fieldName="groupid" columns="15" />
        <dataField fieldName="groupname" rows="5" />
        <dataField fieldName="predefinedsql" rows="5" hidden="true" />
      </dataFields>
    </view>
  </views>
  <actions />
</dataController>