﻿<?xml version="1.0" encoding="utf-8"?>
<dataController name="ctlNSA_EmailNotificationGroup" conflictDetection="overwriteChanges" label="ctlNSA_EmailNotificationGroup" xmlns="urn:schemas-codeontime-com:data-aquarium">
  <commands>
    <command id="command1" type="Text" custom="true">
      <text><![CDATA[SELECT 
       [groupid]
      ,[groupname]
  FROM [NSA_PROJECT].[dbo].[NSA_EmailNotificationGroup]]]></text>
    </command>
  </commands>
  <fields>
    <field name="groupid" type="Int32" allowNulls="false" isPrimaryKey="true" label="Groupid" readOnly="true" />
    <field name="groupname" type="String" allowQBE="false" allowSorting="false" label="Groupname" showInSummary="true" />
  </fields>
  <views>
    <view id="grid1" type="Grid" commandId="command1" label="Field Notification">
      <headerText />
      <dataFields>
        <dataField fieldName="groupname" rows="5" />
      </dataFields>
    </view>
  </views>
  <actions />
</dataController>