﻿<?xml version="1.0" encoding="utf-8"?>
<dataController name="ctlNSARequest" conflictDetection="overwriteChanges" label="ctlNSARequest" xmlns="urn:schemas-codeontime-com:data-aquarium">
  <commands>
    <command id="command1" type="Text" custom="true">
      <text><![CDATA[select
	"NSA_REQUEST_STAGE"."SITE_CODE" "SITE_CODE"
	,"NSA_REQUEST_STAGE"."MAC5" "MAC5"
	,"NSA_REQUEST_STAGE"."REQUESTNUMBER" "REQUESTNUMBER"
	,"NSA_REQUEST_STAGE"."REQUESTDESCRIPTION" "REQUESTDESCRIPTION"
	,"NSA_REQUEST_STAGE"."REQUESTSTATUS" "REQUESTSTATUS"
	,"NSA_REQUEST_STAGE"."REQUESTDATE" "REQUESTDATE"
	,"NSA_REQUEST_STAGE"."REQUEST_SOURCE" "REQUEST_SOURCE"
	,"NSA_REQUEST_STAGE"."TICKETNUMBER" "TICKETNUMBER"
	,"NSA_REQUEST_STAGE"."PONUMBER" "PONUMBER"
	,"NSA_REQUEST_STAGE"."PROJECTID" "PROJECTID"
	,"NSA_REQUEST_STAGE"."CREATIONDATE" "CREATIONDATE"
	,"NSA_REQUEST_STAGE"."CREATE_FNAME" "CREATE_FNAME"
	,"NSA_REQUEST_STAGE"."CREATE_LNAME" "CREATE_LNAME"
	,"NSA_REQUEST_STAGE"."REQST_FNAME" "REQST_FNAME"
	,"NSA_REQUEST_STAGE"."REQST_LNAME" "REQST_LNAME"
	,"NSA_REQUEST_STAGE"."ACTIVITY" "ACTIVITY"
	,"NSA_REQUEST_STAGE"."REQUESTTEMPLATENAME" "REQUESTTEMPLATENAME"
from "NSA_PROJECT_STAGE"."dbo"."NSA_REQUEST_STAGE" "NSA_REQUEST_STAGE"
]]></text>
    </command>
  </commands>
  <fields>
    <field name="SITE_CODE" type="String" label="Site Code" length="4000" showInSummary="true" />
    <field name="MAC5" type="String" label="Mac5" length="4000" showInSummary="true" />
    <field name="REQUESTNUMBER" type="String" label="Requestnumber" length="4000" showInSummary="true" />
    <field name="REQUESTDESCRIPTION" type="String" label="Requestdescription" length="4000" showInSummary="true" />
    <field name="REQUESTSTATUS" type="String" label="Requeststatus" length="4000" showInSummary="true" />
    <field name="REQUESTDATE" type="String" label="Requestdate" length="4000" />
    <field name="REQUEST_SOURCE" type="String" label="Request Source" length="4000" />
    <field name="TICKETNUMBER" type="String" label="Ticketnumber" length="4000" />
    <field name="PONUMBER" type="String" label="Ponumber" length="4000" />
    <field name="PROJECTID" type="String" label="Projectid" length="4000" />
    <field name="CREATIONDATE" type="String" label="Creationdate" length="4000" />
    <field name="CREATE_FNAME" type="String" label="Create Fname" length="4000" />
    <field name="CREATE_LNAME" type="String" label="Create Lname" length="4000" />
    <field name="REQST_FNAME" type="String" label="Reqst Fname" length="4000" />
    <field name="REQST_LNAME" type="String" label="Reqst Lname" length="4000" />
    <field name="ACTIVITY" type="String" label="Activity" length="4000" />
    <field name="REQUESTTEMPLATENAME" type="String" label="Requesttemplatename" length="4000" />
  </fields>
  <views>
    <view id="grid1" type="Grid" commandId="command1" label="Requests">
      <headerText />
      <dataFields>
        <dataField fieldName="SITE_CODE" />
        <dataField fieldName="MAC5" />
        <dataField fieldName="REQUESTNUMBER" />
        <dataField fieldName="REQUESTDESCRIPTION" />
        <dataField fieldName="REQUESTSTATUS" />
        <dataField fieldName="REQUESTDATE" />
        <dataField fieldName="REQUEST_SOURCE" />
        <dataField fieldName="TICKETNUMBER" />
        <dataField fieldName="PONUMBER" />
        <dataField fieldName="PROJECTID" />
        <dataField fieldName="CREATIONDATE" />
        <dataField fieldName="CREATE_FNAME" />
        <dataField fieldName="CREATE_LNAME" />
        <dataField fieldName="REQST_FNAME" />
        <dataField fieldName="REQST_LNAME" />
        <dataField fieldName="ACTIVITY" />
        <dataField fieldName="REQUESTTEMPLATENAME" />
      </dataFields>
    </view>
    <view id="editForm1" type="Form" commandId="command1" label="Review ctl NSA Request">
      <headerText>$DefaultEditViewDescription</headerText>
      <categories>
        <category id="c1" headerText="ctl NSA Request" newColumn="true">
          <description><![CDATA[$DefaultEditDescription]]></description>
          <dataFields>
            <dataField fieldName="SITE_CODE" />
            <dataField fieldName="MAC5" />
            <dataField fieldName="REQUESTNUMBER" />
            <dataField fieldName="REQUESTDESCRIPTION" />
            <dataField fieldName="REQUESTSTATUS" />
            <dataField fieldName="REQUESTDATE" />
            <dataField fieldName="REQUEST_SOURCE" />
            <dataField fieldName="TICKETNUMBER" />
            <dataField fieldName="PONUMBER" />
            <dataField fieldName="PROJECTID" />
            <dataField fieldName="CREATIONDATE" />
            <dataField fieldName="CREATE_FNAME" />
            <dataField fieldName="CREATE_LNAME" />
            <dataField fieldName="REQST_FNAME" />
            <dataField fieldName="REQST_LNAME" />
            <dataField fieldName="ACTIVITY" />
            <dataField fieldName="REQUESTTEMPLATENAME" />
          </dataFields>
        </category>
      </categories>
    </view>
    <view id="createForm1" type="Form" commandId="command1" label="New ctl NSA Request">
      <headerText>$DefaultCreateViewDescription</headerText>
      <categories>
        <category id="c1" headerText="New ctl NSA Request" newColumn="true">
          <description><![CDATA[$DefaultNewDescription]]></description>
          <dataFields>
            <dataField fieldName="SITE_CODE" />
            <dataField fieldName="MAC5" />
            <dataField fieldName="REQUESTNUMBER" />
            <dataField fieldName="REQUESTDESCRIPTION" />
            <dataField fieldName="REQUESTSTATUS" />
            <dataField fieldName="REQUESTDATE" />
            <dataField fieldName="REQUEST_SOURCE" />
            <dataField fieldName="TICKETNUMBER" />
            <dataField fieldName="PONUMBER" />
            <dataField fieldName="PROJECTID" />
            <dataField fieldName="CREATIONDATE" />
            <dataField fieldName="CREATE_FNAME" />
            <dataField fieldName="CREATE_LNAME" />
            <dataField fieldName="REQST_FNAME" />
            <dataField fieldName="REQST_LNAME" />
            <dataField fieldName="ACTIVITY" />
            <dataField fieldName="REQUESTTEMPLATENAME" />
          </dataFields>
        </category>
      </categories>
    </view>
  </views>
  <actions>
    <actionGroup id="ag1" scope="Grid">
      <action id="a1" commandName="Select" commandArgument="editForm1" />
      <action id="a2" commandName="Edit" />
      <action id="a3" commandName="Delete" />
      <action id="a6" />
      <action id="a7" commandName="New" commandArgument="grid1" />
      <action id="a8" commandName="Duplicate" commandArgument="createForm1" />
    </actionGroup>
    <actionGroup id="ag2" scope="Form">
      <action id="a1" commandName="Edit" />
      <action id="a2" commandName="Delete" />
      <action id="a3" commandName="Cancel" />
      <action id="a4" whenLastCommandName="Edit" commandName="Update" />
      <action id="a5" whenLastCommandName="Edit" commandName="Delete" />
      <action id="a6" whenLastCommandName="Edit" commandName="Cancel" />
      <action id="a7" whenLastCommandName="New" commandName="Insert" />
      <action id="a8" whenLastCommandName="New" commandName="Cancel" />
      <action id="a9" whenLastCommandName="Duplicate" commandName="Insert" />
      <action id="a10" whenLastCommandName="Duplicate" commandName="Cancel" />
      <action id="a13" whenLastCommandName="Insert" whenView="createForm1" commandName="Select" commandArgument="editForm1" whenKeySelected="true" whenClientScript="this.get_hasDetails()" />
    </actionGroup>
    <actionGroup id="ag3" scope="ActionBar" headerText="New" flat="true">
      <action id="a1" commandName="New" commandArgument="createForm1" cssClass="NewIcon" />
    </actionGroup>
    <actionGroup id="ag4" scope="ActionBar" headerText="Edit/Delete" flat="true">
      <action id="a1" whenKeySelected="true" commandName="Edit" commandArgument="editForm1" cssClass="EditIcon" whenView="grid1" />
      <action id="a2" whenKeySelected="true" commandName="Delete" cssClass="DeleteIcon" whenView="grid1" />
    </actionGroup>
    <actionGroup id="ag5" scope="ActionBar" headerText="Actions">
      <action id="a1" commandName="ExportCsv" />
      <action id="a2" />
      <action id="a3" commandName="ExportRowset" />
      <action id="a4" commandName="ExportRss" />
    </actionGroup>
    <actionGroup id="ag6" scope="ActionBar" headerText="Record">
      <action id="a1" whenLastCommandName="Edit" commandName="Update" />
      <action id="a2" whenLastCommandName="Edit" commandName="Cancel" />
      <action id="a3" whenLastCommandName="New" commandName="Insert" />
      <action id="a4" whenLastCommandName="New" commandName="Cancel" />
    </actionGroup>
    <actionGroup id="ag8" scope="Row">
      <action id="a4" whenLastCommandName="Edit" commandName="Update" />
      <action id="a5" whenLastCommandName="Edit" commandName="Cancel" />
      <action id="a6" whenLastCommandName="New" commandName="Insert" />
      <action id="a7" whenLastCommandName="New" commandName="Cancel" />
    </actionGroup>
  </actions>
</dataController>