﻿<?xml version="1.0" encoding="utf-8"?>
<dataController name="ctlNSAE911" conflictDetection="overwriteChanges" label="ctlNSAE911" xmlns="urn:schemas-codeontime-com:data-aquarium">
  <commands>
    <command id="command1" type="Text" custom="false">
      <text>
    <![CDATA[use nsa_project
select
	"NSA_Address_Info"."ID" "ID"
	,"NSA_Address_Info"."SITE_ALIAS" "SITE_ALIAS"
	,"NSA_Address_Info"."CPG BE" "CPG_BE" 
  ,"NSA_Address_Info".[E911Enabled] "E911Enabled"
	,"NSA_Address_Info"."CPG Number of Floors" "CPGNumberofFloors"
	,"NSA_Address_Info"."CPG Square Footage" "CPGSquareFootage" 
	,"NSA_Address_Info"."State Legislation Square Footage per ERL" "StateLegislationSquareFootageperERL"
	,"NSA_Address_Info"."E911 Required State" "E911RequiredState"
	,"NSA_Address_Info"."E911 Eligible for WFA enablement" "E911EligibleforWFAenablement"
	,"NSA_Address_Info"."E911 Enablement Date" "E911EnablementDate"
	,"NSA_Address_Info"."CER CR #  (programmed CER)" "CERCRprogrammedCER"
	,"NSA_Address_Info"."CER Date" "CERDate"
	,"NSA_Address_Info"."IPT is only system at this site" "IPTisonlysystematthissite"
	,"NSA_Address_Info"."Single or Multi ERL"  "SingleorMultiERL"
	,"NSA_Address_Info"."PSAP Name"  "PSAPName"
	,"NSA_Address_Info"."PSAP Address"  "PSAPAddress"
	,"NSA_Address_Info"."PSAP Address 2"  "PSAPAddress2"
	,"NSA_Address_Info"."PSAP City"  "PSAPCity"
	,"NSA_Address_Info"."PSAP State"  "PSAPState"
	,"NSA_Address_Info"."PSAP Zip"  "PSAPZip"
	,"NSA_Address_Info"."PSAP Telephone Number" "PSAPTelephoneNumber"
	,"NSA_Address_Info"."PSAP Rule" "PSAPRule"
	,"NSA_Address_Info"."ERL Name" "ERLName"
	,"NSA_Address_Info"."ELIN 1" "ELIN1"
	,"NSA_Address_Info"."ELIN 2" "ELIN2"
	,"NSA_Address_Info"."Are the phones IPT CISCO #" "ArethephonesIPTCISCO"
	,"NSA_Address_Info"."What is the Voice Subnet IP" "WhatistheVoiceSubnetIP"
	,"NSA_Address_Info"."What are the Voice VLAN(s)" "WhataretheVoiceVLANs"
	,"NSA_Address_Info"."What is the switch name?" "Whatistheswitchname"
	,"NSA_Address_Info"."What is the Subnet Mask?" "WhatistheSubnetMask"
	,"NSA_Address_Info"."E911 Comments" "E911Comments"
from "dbo"."NSA_Address_Info" "NSA_Address_Info"]]></text>
    </command>
  </commands>
  <fields>
    <field name="ID" type="Int32" allowNulls="false" label="Id" showInSummary="true" isPrimaryKey="true" />
    <field name="SITE_ALIAS" type="String" label="Site Alias" length="255" showInSummary="true" />
    <field name="CPG_BE" type="String" label="CPG BE from VSEM" length="20" showInSummary="true" />
    <field name="E911Enabled" type="Boolean" label="E911 Enabled" showInSummary="true" />
    <field name="CPGNumberofFloors" type="String" label="CPG Number of Floors" length="255" showInSummary="true" />
    <field name="CPGSquareFootage" type="String" label="CPG Square Footage" length="255" showInSummary="true" />
    <field name="StateLegislationSquareFootageperERL" type="String" label="StateLegislationSqrFootageperERL" length="255" />
    <field name="E911RequiredState" type="Boolean" label="E911RequiredState" />
    <field name="E911EligibleforWFAenablement" type="Boolean" label="E911 Eligible for WFA enablement" />
    <field name="E911EnablementDate" type="DateTime" label="E911 Enablement Date" />
    <field name="CERCRprogrammedCER" type="String" label="CER CR Number" length="255" />
    <field name="CERDate" type="DateTime" label="CER CR Date" />
    <field name="IPTisonlysystematthissite" type="Boolean" label="IPT Is Only System At This Site" />
    <field name="SingleorMultiERL" type="String" allowQBE="false" allowSorting="false" label="Single or Multi ERL" />
    <field name="PSAPName" type="String" label="PSAP Name" length="255" />
    <field name="PSAPTelephoneNumber" type="String" label="PSAP TelePhone Number" length="255" />
    <field name="PSAPRule" type="String" label="PSAP Rule" length="255" />
    <field name="ERLName" type="String" label="ERL Name" length="255" />
    <field name="ELIN1" type="String" label="ELIN 1" length="255" />
    <field name="ELIN2" type="String" label="ELIN 2" length="255" />
    <field name="ArethephonesIPTCISCO" type="Boolean" label="Are the phones IPT 'CISCO'#" />
    <field name="WhatistheVoiceSubnetIP" type="String" label="What is the Voice Subnet  IP" length="255" />
    <field name="WhataretheVoiceVLANs" type="String" label="What are the Voice VLAN(s)" length="255" />
    <field name="Whatistheswitchname" type="String" label="What is the switch name?" length="255" />
    <field name="WhatistheSubnetMask" type="String" label="What is the Subnet Mask?" length="255" />
    <field name="E911Comments" type="String" allowQBE="false" allowSorting="false" label="E911Comments" />
    <field name="PSAPAddress" type="String" label="PSAP Address" allowQBE="false" allowSorting="false" htmlEncode="false" hidden="false" length="2000">
      <items letters="false" />
    </field>
    <field name="PSAPAddress2" type="String" label="PSAP Address 2" allowQBE="false" allowSorting="false" htmlEncode="false" hidden="false" length="2000">
      <items letters="false" />
    </field>
    <field name="PSAPCity" type="String" label="PSAP City" allowQBE="false" allowSorting="false" htmlEncode="false" hidden="false" length="2000">
      <items letters="false" />
    </field>
    <field name="PSAPState" type="String" label="PSAP State" allowQBE="false" allowSorting="false" htmlEncode="false" hidden="false" length="2000">
      <items letters="false" />
    </field>
    <field name="PSAPZip" type="String" label="PSAP Zip" allowQBE="false" allowSorting="false" htmlEncode="false" hidden="false" length="2000">
      <items letters="false" />
    </field>
  </fields>
  <views>
    <view id="grid1" type="Form" commandId="command1" label="E911">
      <headerText />
      <categories>
        <category id="c1" headerText="E911" newColumn="true">
          <description />
          <dataFields>
            <dataField fieldName="ID" columns="15" />
            <dataField fieldName="CPG_BE" columns="20" />
            <dataField fieldName="CPGNumberofFloors" />
            <dataField fieldName="CPGSquareFootage" />
            <dataField fieldName="StateLegislationSquareFootageperERL" />
            <dataField fieldName="E911RequiredState" toolTip="E911 Required 'State' - All states except FL and LA are in scope">
              <footerText>All states except FL and LA are in scope</footerText>
            </dataField>
            <dataField fieldName="E911EligibleforWFAenablement" />
            <dataField fieldName="E911EnablementDate" columns="10" />
            <dataField fieldName="E911Enabled" columns="10"/>
            <dataField fieldName="E911Comments" rows="5" />
            <dataField fieldName="CERCRprogrammedCER" />
            <dataField fieldName="CERDate" columns="10" />
            <dataField fieldName="IPTisonlysystematthissite" />
            <dataField fieldName="SingleorMultiERL" rows="5" />
            <dataField fieldName="ERLName" />
          </dataFields>
        </category>
        <category id="c2" newColumn="true">
          <dataFields>
            <dataField fieldName="WhatistheSubnetMask" />
            <dataField fieldName="Whatistheswitchname" />
            <dataField fieldName="WhataretheVoiceVLANs" />
            <dataField fieldName="WhatistheVoiceSubnetIP" />
            <dataField fieldName="ArethephonesIPTCISCO" />
            <dataField fieldName="ELIN1" columns="15" />
            <dataField fieldName="ELIN2" columns="15" />
            <dataField fieldName="PSAPName" />
            <dataField fieldName="PSAPAddress" />
            <dataField fieldName="PSAPAddress2" />
            <dataField fieldName="PSAPCity" />
            <dataField fieldName="PSAPState" />
            <dataField fieldName="PSAPZip" />
            <dataField fieldName="PSAPTelephoneNumber" />
            <dataField fieldName="PSAPRule" />
          </dataFields>
        </category>
      </categories>
    </view>
  </views>
  <actions>
    <actionGroup id="ag8" scope="Row">
      <action id="a4" whenLastCommandName="Edit" commandName="Update" />
      <action id="a5" whenLastCommandName="Edit" commandName="Cancel" />
      <action id="a6" whenLastCommandName="New" commandName="Insert" />
      <action id="a7" whenLastCommandName="New" commandName="Cancel" />
    </actionGroup>
    <actionGroup id="ag6" scope="ActionBar" headerText="Record">
      <action id="a1" whenLastCommandName="Edit" commandName="Update" />
      <action id="a2" whenLastCommandName="Edit" commandName="Cancel" />
      <action id="a3" whenLastCommandName="New" commandName="Insert" />
      <action id="a4" whenLastCommandName="New" commandName="Cancel" />
    </actionGroup>
    <actionGroup id="ag4" scope="ActionBar" headerText="Edit" flat="true">
      <action id="a1" whenKeySelected="true" commandName="Edit" commandArgument="grid1" cssClass="EditIcon" />
    </actionGroup>
    <actionGroup id="ag2" scope="Form">
      <action id="a1" commandName="Edit" />
      <action id="a3" commandName="Cancel" />
      <action id="a4" whenLastCommandName="Edit" commandName="Update" />
      <action id="a6" whenLastCommandName="Edit" commandName="Cancel" />
      <action id="a7" whenLastCommandName="New" commandName="Insert" />
      <action id="a8" whenLastCommandName="New" commandName="Cancel" />
      <action id="a13" whenLastCommandName="Insert" commandName="Select" commandArgument="grid1" whenKeySelected="true" whenClientScript="this.get_hasDetails()" />
    </actionGroup>
    <actionGroup id="ag1" scope="Grid">
      <action id="a1" commandName="Select" commandArgument="grid1" />
      <action id="a2" commandName="Edit" />
    </actionGroup>
  </actions>
</dataController>