﻿<?xml version="1.0" encoding="utf-8"?>
<dataController name="ctlNSA_Inventory" conflictDetection="overwriteChanges" label="ctlNSA_Inventory" xmlns="urn:schemas-codeontime-com:data-aquarium">
  <commands>
    <command id="command1" type="Text" custom="false">
      <text><![CDATA[select
	"NSA_INVENTORY_STAGE"."SITE_CODE" "SITE_CODE"
	,"NSA_INVENTORY_STAGE"."MAC5" "MAC5"
	,"NSA_INVENTORY_STAGE"."IDENTIFIER" "IDENTIFIER"
	,"NSA_INVENTORY_STAGE"."INV_STATUS" "INV_STATUS"
	,"NSA_INVENTORY_STAGE"."CLASSOFSERVICE" "CLASSOFSERVICE"
	,"NSA_INVENTORY_STAGE"."DATANETWORK" "DATANETWORK"
	,"NSA_INVENTORY_STAGE"."CARRIER" "CARRIER"
	,"NSA_INVENTORY_STAGE"."INV_DESCRIPTION" "INV_DESCRIPTION"
	,"NSA_INVENTORY_STAGE"."INSTALLDATE" "INSTALLDATE"
	,"NSA_INVENTORY_STAGE"."DISCONNECTDATE" "DISCONNECTDATE"
from "NSA_PROJECT_STAGE"."dbo"."NSA_INVENTORY_STAGE" "NSA_INVENTORY_STAGE" ]]></text>
    </command>
  </commands>
  <fields>
    <field name="SITE_CODE" type="String" label="Site Code" length="4000" showInSummary="true" />
    <field name="MAC5" type="String" label="Mac5" length="4000" showInSummary="true" />
    <field name="IDENTIFIER" type="String" label="Identifier" length="4000" showInSummary="true" />
    <field name="INV_STATUS" type="String" label="Inv Status" length="4000" showInSummary="true" />
    <field name="CLASSOFSERVICE" type="String" label="Classofservice" length="4000" showInSummary="true" />
    <field name="DATANETWORK" type="String" label="Datanetwork" length="4000" />
    <field name="CARRIER" type="String" label="Carrier" length="4000" />
    <field name="INV_DESCRIPTION" type="String" label="Inv Description" length="4000" />
    <field name="APPLICATION" type="String" label="Application" length="4000" />
    <field name="INSTALLDATE" type="String" label="Installdate" length="4000" />
    <field name="DISCONNECTDATE" type="String" label="Disconnectdate" length="4000" />
    <field name="PRIORITY" type="String" label="Priority" length="4000" />
  </fields>
  <views>
    <view id="grid1" type="Grid" commandId="command1" label="Inventory" access="Public">
      <headerText />
      <dataFields>
        <dataField fieldName="SITE_CODE" />
        <dataField fieldName="MAC5" />
        <dataField fieldName="IDENTIFIER" />
        <dataField fieldName="INV_STATUS" />
        <dataField fieldName="CLASSOFSERVICE" />
        <dataField fieldName="DATANETWORK" />
        <dataField fieldName="CARRIER" />
        <dataField fieldName="INV_DESCRIPTION" />
        <dataField fieldName="INSTALLDATE" />
        <dataField fieldName="DISCONNECTDATE" />
      </dataFields>
    </view>
  </views>
  <actions>
    <actionGroup id="ag5" scope="ActionBar" headerText="Actions">
      <action id="a1" commandName="ExportCsv" />
      <action id="a2" />
    </actionGroup>
  </actions>
</dataController>