﻿<?xml version="1.0" encoding="utf-8"?>
<dataController name="ctlNSA_Inventory_Address_Info" conflictDetection="overwriteChanges" label="ctlNSA_Inventory_Address_Info" xmlns="urn:schemas-codeontime-com:data-aquarium">
  <commands>
    <command id="command1" type="Text" custom="true">
      <text><![CDATA[select
	"NSA_Address_Info_Stage"."SITE_CODE" "SITE_CODE"
	,"NSA_Address_Info_Stage"."MAC5" "MAC5"
	,"NSA_Address_Info_Stage"."MAC_Source" "MAC_Source"
	,"NSA_Address_Info_Stage"."STATUS" "STATUS"
	,"NSA_Address_Info_Stage"."ADDRESS1" "ADDRESS1"
	,"NSA_Address_Info_Stage"."ADDRESS2" "ADDRESS2"
	,"NSA_Address_Info_Stage"."CITY" "CITY"
	,"NSA_Address_Info_Stage"."STATE" "STATE"
	,"NSA_Address_Info_Stage"."POSTALCODE" "POSTALCODE"
from  "NSA_PROJECT_STAGE"."dbo"."NSA_Address_Info_Stage" "NSA_Address_Info_Stage"
]]></text>
    </command>
  </commands>
  <fields>
    <field name="SITE_CODE" type="String" allowNulls="false" label="Site Code" length="40" showInSummary="true" />
    <field name="MAC5" type="String" allowNulls="false" label="Mac5" length="40" showInSummary="true" />
    <field name="MAC_Source" type="String" label="MAC Source" length="4000" showInSummary="true" />
    <field name="STATUS" type="String" label="Status" length="4000" showInSummary="true" />
    <field name="ADDRESS1" type="String" label="Address1" length="4000" showInSummary="true" />
    <field name="ADDRESS2" type="String" label="Address2" length="4000" />
    <field name="CITY" type="String" label="City" length="4000" />
    <field name="STATE" type="String" label="State" length="4000" />
    <field name="POSTALCODE" type="String" label="Postalcode" length="4000" />
  </fields>
  <views>
    <view id="grid1" type="Grid" commandId="command1" label="NSA Address Info">
      <headerText />
      <dataFields>
        <dataField fieldName="SITE_CODE" columns="40" />
        <dataField fieldName="MAC5" columns="40" />
        <dataField fieldName="MAC_Source" />
        <dataField fieldName="STATUS" />
        <dataField fieldName="ADDRESS1" />
        <dataField fieldName="ADDRESS2" />
        <dataField fieldName="CITY" />
        <dataField fieldName="STATE" />
        <dataField fieldName="POSTALCODE" />
      </dataFields>
    </view>
  </views>
  <actions>
    <actionGroup id="ag5" scope="ActionBar" headerText="Actions">
      <action id="a1" commandName="ExportCsv" />
      <action id="a2" />
    </actionGroup>
  </actions>
</dataController>