﻿<?xml version="1.0" encoding="utf-8"?>
<dataController name="ctlNSA_Email_Trigger" conflictDetection="overwriteChanges" label="ctlNSA_Email_Trigger" xmlns="urn:schemas-codeontime-com:data-aquarium">
  <commands>
    <command id="command1" type="Text" custom="false">
      <text><![CDATA[SELECT  
	"NSA_Email_Trigger"."id" "id"
      	,"NSA_Email_Trigger"."fieldname" "fieldname"
	,"NSA_Email_Trigger"."fieldcondition" "fieldcondition"
	,"NSA_Email_Trigger"."conditionvalue" "conditionvalue"
	,"NSA_Email_Trigger"."usergroup" "usergroup"
	,"NSA_Email_Trigger"."notificationgroups" "notificationgroups"
	,"NSA_Email_Trigger"."ccusers" "ccusers"
	,"NSA_Email_Trigger"."emailsubject" "emailsubject"
	,"NSA_Email_Trigger"."emailbody" "emailbody"
	,"NSA_Email_Trigger"."includedfields" "includedfields"
FROM  "dbo"."NSA_Email_Trigger" "NSA_Email_Trigger"]]></text>
    </command>
    <command id="cmdinserted" type="Text" event="Inserted" custom="false">
      <text><![CDATA[select @@identity]]></text>
    </command>
  </commands>
  <fields>
    <field name="id" type="Int32" allowNulls="false" isPrimaryKey="true" label="Id" readOnly="true" hidden="true" />
    <field name="fieldname" type="String" allowNulls="false" label="Fieldname" length="255" showInSummary="true">
      <items style="Lookup" dataController="NSA_Field_Info" dataView="grid1" dataTextField="FieldID" dataValueField="FieldID" />
    </field>
    <field name="fieldcondition" type="String" allowNulls="false" label="Fieldcondition" length="255" showInSummary="true">
      <items style="DropDownList">
        <item value="Old Value No Equal New Value" text="Old Value Not Equal New Value" />
        <item value="Equal" text="Equal" />
        <item value="Not Equal" text="Not Equal" />
        <item value="Equal Empty" text="Equal Empty" />
      </items>
    </field>
    <field name="conditionvalue" type="String" label="Conditionvalue" length="255" showInSummary="true" />
    <field name="notificationgroups" type="String" label="FieldLevelNotification" allowQBE="false" allowSorting="false" htmlEncode="false" hidden="false">
      <items style="CheckBoxList" dataController="ctlNSA_FieldEmailNotification" dataView="grid1" dataTextField="groupname" dataValueField="predefinedsql" letters="false" />
    </field>
    <field name="usergroup" type="String" label="User Emails" length="255" showInSummary="true">
      <items style="CheckBoxList" dataController="ctlNSA_Users" dataView="grid1" dataValueField="EmailAddress" dataTextField="EmailAddress" newDataView="grid1" />
    </field>
    <field name="emailbody" type="String" allowQBE="false" allowSorting="false" label="Emailbody" showInSummary="true" />
    <field name="ccusers" type="String" label="CC Users Email" allowQBE="false" allowSorting="false" htmlEncode="false" hidden="false" length="2000">
      <items letters="false" style="CheckBoxList" dataController="ctlNSA_Users" dataView="grid1" dataTextField="EmailAddress" dataValueField="EmailAddress" />
    </field>
    <field name="emailsubject" type="String" label="Email Subject" allowQBE="false" allowSorting="false" htmlEncode="false" hidden="false" length="2000">
      <items letters="false" />
    </field>
    <field name="includedfields" type="String" label="Include Fields" allowQBE="false" allowSorting="false" htmlEncode="false" hidden="false">
      <items style="CheckBoxList" letters="false" dataController="ctlemailfieldinfo" dataView="grid1" dataTextField="FieldID" dataValueField="FieldID" />
    </field>
  </fields>
  <views>
    <view id="grid1" type="DataSheet" commandId="command1" label="Email Rules">
      <headerText />
      <dataFields>
        <dataField fieldName="fieldname" />
        <dataField fieldName="fieldcondition" />
        <dataField fieldName="conditionvalue" />
        <dataField fieldName="notificationgroups" rows="5" />
        <dataField fieldName="usergroup" />
        <dataField fieldName="ccusers" rows="2" />
        <dataField fieldName="emailsubject" rows="5" />
        <dataField fieldName="emailbody" rows="5" textMode="Note" />
        <dataField fieldName="includedfields" rows="5" />
        <dataField fieldName="id" columns="15" hidden="true" />
      </dataFields>
    </view>
  </views>
  <actions>
    <actionGroup id="ag1" scope="Grid">
      <action id="a1" commandName="Select" commandArgument="grid1" />
      <action id="a2" commandName="Edit" />
      <action id="a3" commandName="Delete" />
      <action id="a6" />
      <action id="a7" commandName="New" commandArgument="grid1" />
      <action id="a8" commandName="Duplicate" />
    </actionGroup>
    <actionGroup id="ag3" scope="ActionBar" headerText="New" flat="true">
      <action id="a1" commandName="New" cssClass="NewIcon" />
    </actionGroup>
    <actionGroup id="ag4" scope="ActionBar" headerText="Edit/Delete" flat="true">
      <action id="a1" whenKeySelected="true" commandName="Edit" cssClass="EditIcon" whenView="grid1" />
      <action id="a2" whenKeySelected="true" commandName="Delete" cssClass="DeleteIcon" whenView="grid1" />
    </actionGroup>
    <actionGroup id="ag5" scope="ActionBar" headerText="Actions">
      <action id="a1" commandName="ExportCsv" />
      <action id="a2" />
    </actionGroup>
    <actionGroup id="ag6" scope="ActionBar" headerText="Record">
      <action id="a1" whenLastCommandName="Edit" commandName="Update" />
      <action id="a2" whenLastCommandName="Edit" commandName="Cancel" />
      <action id="a3" whenLastCommandName="New" commandName="Insert" />
      <action id="a4" whenLastCommandName="New" commandName="Cancel" />
    </actionGroup>
    <actionGroup id="ag8" scope="Row">
      <action id="a4" whenLastCommandName="Edit" commandName="Update" />
      <action id="a5" whenLastCommandName="Edit" commandName="Cancel" />
      <action id="a6" whenLastCommandName="New" commandName="Insert" />
      <action id="a7" whenLastCommandName="New" commandName="Cancel" />
    </actionGroup>
  </actions>
  <businessRules />
</dataController>