﻿<?xml version="1.0" encoding="utf-8"?>
<dataController name="ctlNSAOrders" conflictDetection="overwriteChanges" label="ctlNSAOrders" xmlns="urn:schemas-codeontime-com:data-aquarium">
  <commands>
    <command id="command1" type="Text" custom="true">
      <text><![CDATA[select
	"NSA_ORDER_STAGE"."ordernumber" "ordernumber"
	,"NSA_ORDER_STAGE"."REQUESTNUMBER" "REQUESTNUMBER"
	,"NSA_ORDER_STAGE"."INVENTORYQUANTITY" "INVENTORYQUANTITY"
	,"NSA_ORDER_STAGE"."ITEMCONFIGURATIONNAME" "ITEMCONFIGURATIONNAME"
	,"NSA_ORDER_STAGE"."PSITE_CODE" "PSITE_CODE"
	,"NSA_ORDER_STAGE"."PMAC5" "PMAC5"
	,"NSA_ORDER_STAGE"."PADDRESS1" "PADDRESS1"
	,"NSA_ORDER_STAGE"."PADDRESS2" "PADDRESS2"
	,"NSA_ORDER_STAGE"."PCITY" "PCITY"
	,"NSA_ORDER_STAGE"."PSTATE" "PSTATE"
	,"NSA_ORDER_STAGE"."PCOUNTRY" "PCOUNTRY"
	,"NSA_ORDER_STAGE"."PPOSTALCODE" "PPOSTALCODE"
	,"NSA_ORDER_STAGE"."RECURRINGCOST" "RECURRINGCOST"
	,"NSA_ORDER_STAGE"."ONETIMECOST" "ONETIMECOST"
	,"NSA_ORDER_STAGE"."EQUIPMENT" "EQUIPMENT"
	,"NSA_ORDER_STAGE"."MANUFACTURER" "MANUFACTURER"
	,"NSA_ORDER_STAGE"."MODEL" "MODEL"
	,"NSA_ORDER_STAGE"."EQUIPMENT_TYPE" "EQUIPMENT_TYPE"
	,"NSA_ORDER_STAGE"."INTERFACENAME" "INTERFACENAME"
	,"NSA_ORDER_STAGE"."INTERFACE_DESCRIPTION" "INTERFACE_DESCRIPTION"
from "NSA_PROJECT_STAGE"."dbo"."NSA_ORDER_STAGE" "NSA_ORDER_STAGE"
]]></text>
    </command>
  </commands>
  <fields>
    <field name="ordernumber" type="String" label="Ordernumber" length="4000" showInSummary="true" />
    <field name="REQUESTNUMBER" type="String" label="Requestnumber" length="4000" showInSummary="true" />
    <field name="INVENTORYQUANTITY" type="String" label="Inventoryquantity" length="4000" showInSummary="true" />
    <field name="ITEMCONFIGURATIONNAME" type="String" label="Itemconfigurationname" length="4000" showInSummary="true" />
    <field name="PSITE_CODE" type="String" label="Psite Code" length="4000" showInSummary="true" />
    <field name="PMAC5" type="String" label="Pmac5" length="4000" />
    <field name="PADDRESS1" type="String" label="Paddress1" length="4000" />
    <field name="PADDRESS2" type="String" label="Paddress2" length="4000" />
    <field name="PCITY" type="String" label="Pcity" length="4000" />
    <field name="PSTATE" type="String" label="Pstate" length="4000" />
    <field name="PCOUNTRY" type="String" label="Pcountry" length="4000" />
    <field name="PPOSTALCODE" type="String" label="Ppostalcode" length="4000" />
    <field name="RECURRINGCOST" type="String" label="Recurringcost" length="4000" />
    <field name="ONETIMECOST" type="String" label="Onetimecost" length="4000" />
    <field name="EQUIPMENT" type="String" label="Equipment" length="4000" />
    <field name="MANUFACTURER" type="String" label="Manufacturer" length="4000" />
    <field name="MODEL" type="String" label="Model" length="4000" />
    <field name="EQUIPMENT_TYPE" type="String" label="Equipment Type" length="4000" />
    <field name="INTERFACENAME" type="String" label="Interfacename" length="4000" />
    <field name="INTERFACE_DESCRIPTION" type="String" allowQBE="false" allowSorting="false" label="Interface Description" length="8000" />
  </fields>
  <views>
    <view id="grid1" type="Grid" commandId="command1" label="ctl NSA Orders">
      <headerText>$DefaultGridViewDescription</headerText>
      <dataFields>
        <dataField fieldName="ordernumber" />
        <dataField fieldName="REQUESTNUMBER" />
        <dataField fieldName="INVENTORYQUANTITY" />
        <dataField fieldName="ITEMCONFIGURATIONNAME" />
        <dataField fieldName="PSITE_CODE" />
        <dataField fieldName="PMAC5" />
        <dataField fieldName="PADDRESS1" />
        <dataField fieldName="PADDRESS2" />
        <dataField fieldName="PCITY" />
        <dataField fieldName="PSTATE" />
        <dataField fieldName="PCOUNTRY" />
        <dataField fieldName="PPOSTALCODE" />
        <dataField fieldName="RECURRINGCOST" />
        <dataField fieldName="ONETIMECOST" />
        <dataField fieldName="EQUIPMENT" />
        <dataField fieldName="MANUFACTURER" />
        <dataField fieldName="MODEL" />
        <dataField fieldName="EQUIPMENT_TYPE" />
        <dataField fieldName="INTERFACENAME" />
        <dataField fieldName="INTERFACE_DESCRIPTION" rows="5" />
      </dataFields>
    </view>
    <view id="editForm1" type="Form" commandId="command1" label="Review ctl NSA Orders">
      <headerText>$DefaultEditViewDescription</headerText>
      <categories>
        <category id="c1" headerText="ctl NSA Orders" newColumn="true">
          <description><![CDATA[$DefaultEditDescription]]></description>
          <dataFields>
            <dataField fieldName="ordernumber" />
            <dataField fieldName="REQUESTNUMBER" />
            <dataField fieldName="INVENTORYQUANTITY" />
            <dataField fieldName="ITEMCONFIGURATIONNAME" />
            <dataField fieldName="PSITE_CODE" />
            <dataField fieldName="PMAC5" />
            <dataField fieldName="PADDRESS1" />
            <dataField fieldName="PADDRESS2" />
            <dataField fieldName="PCITY" />
            <dataField fieldName="PSTATE" />
            <dataField fieldName="PCOUNTRY" />
            <dataField fieldName="PPOSTALCODE" />
            <dataField fieldName="RECURRINGCOST" />
            <dataField fieldName="ONETIMECOST" />
            <dataField fieldName="EQUIPMENT" />
            <dataField fieldName="MANUFACTURER" />
            <dataField fieldName="MODEL" />
            <dataField fieldName="EQUIPMENT_TYPE" />
            <dataField fieldName="INTERFACENAME" />
            <dataField fieldName="INTERFACE_DESCRIPTION" rows="5" />
          </dataFields>
        </category>
      </categories>
    </view>
    <view id="createForm1" type="Form" commandId="command1" label="New ctl NSA Orders">
      <headerText>$DefaultCreateViewDescription</headerText>
      <categories>
        <category id="c1" headerText="New ctl NSA Orders" newColumn="true">
          <description><![CDATA[$DefaultNewDescription]]></description>
          <dataFields>
            <dataField fieldName="ordernumber" />
            <dataField fieldName="REQUESTNUMBER" />
            <dataField fieldName="INVENTORYQUANTITY" />
            <dataField fieldName="ITEMCONFIGURATIONNAME" />
            <dataField fieldName="PSITE_CODE" />
            <dataField fieldName="PMAC5" />
            <dataField fieldName="PADDRESS1" />
            <dataField fieldName="PADDRESS2" />
            <dataField fieldName="PCITY" />
            <dataField fieldName="PSTATE" />
            <dataField fieldName="PCOUNTRY" />
            <dataField fieldName="PPOSTALCODE" />
            <dataField fieldName="RECURRINGCOST" />
            <dataField fieldName="ONETIMECOST" />
            <dataField fieldName="EQUIPMENT" />
            <dataField fieldName="MANUFACTURER" />
            <dataField fieldName="MODEL" />
            <dataField fieldName="EQUIPMENT_TYPE" />
            <dataField fieldName="INTERFACENAME" />
            <dataField fieldName="INTERFACE_DESCRIPTION" rows="5" />
          </dataFields>
        </category>
      </categories>
    </view>
  </views>
  <actions>
    <actionGroup id="ag1" scope="Grid">
      <action id="a1" commandName="Select" commandArgument="editForm1" />
      <action id="a2" commandName="Edit" />
      <action id="a3" commandName="Delete" />
      <action id="a6" />
      <action id="a7" commandName="New" commandArgument="grid1" />
      <action id="a8" commandName="Duplicate" commandArgument="createForm1" />
    </actionGroup>
    <actionGroup id="ag2" scope="Form">
      <action id="a1" commandName="Edit" />
      <action id="a2" commandName="Delete" />
      <action id="a3" commandName="Cancel" />
      <action id="a4" whenLastCommandName="Edit" commandName="Update" />
      <action id="a5" whenLastCommandName="Edit" commandName="Delete" />
      <action id="a6" whenLastCommandName="Edit" commandName="Cancel" />
      <action id="a7" whenLastCommandName="New" commandName="Insert" />
      <action id="a8" whenLastCommandName="New" commandName="Cancel" />
      <action id="a9" whenLastCommandName="Duplicate" commandName="Insert" />
      <action id="a10" whenLastCommandName="Duplicate" commandName="Cancel" />
      <action id="a13" whenLastCommandName="Insert" whenView="createForm1" commandName="Select" commandArgument="editForm1" whenKeySelected="true" whenClientScript="this.get_hasDetails()" />
    </actionGroup>
    <actionGroup id="ag3" scope="ActionBar" headerText="New" flat="true">
      <action id="a1" commandName="New" commandArgument="createForm1" cssClass="NewIcon" />
    </actionGroup>
    <actionGroup id="ag4" scope="ActionBar" headerText="Edit/Delete" flat="true">
      <action id="a1" whenKeySelected="true" commandName="Edit" commandArgument="editForm1" cssClass="EditIcon" whenView="grid1" />
      <action id="a2" whenKeySelected="true" commandName="Delete" cssClass="DeleteIcon" whenView="grid1" />
    </actionGroup>
    <actionGroup id="ag5" scope="ActionBar" headerText="Actions">
      <action id="a1" commandName="ExportCsv" />
      <action id="a2" />
      <action id="a3" commandName="ExportRowset" />
      <action id="a4" commandName="ExportRss" />
    </actionGroup>
    <actionGroup id="ag6" scope="ActionBar" headerText="Record">
      <action id="a1" whenLastCommandName="Edit" commandName="Update" />
      <action id="a2" whenLastCommandName="Edit" commandName="Cancel" />
      <action id="a3" whenLastCommandName="New" commandName="Insert" />
      <action id="a4" whenLastCommandName="New" commandName="Cancel" />
    </actionGroup>
    <actionGroup id="ag8" scope="Row">
      <action id="a4" whenLastCommandName="Edit" commandName="Update" />
      <action id="a5" whenLastCommandName="Edit" commandName="Cancel" />
      <action id="a6" whenLastCommandName="New" commandName="Insert" />
      <action id="a7" whenLastCommandName="New" commandName="Cancel" />
    </actionGroup>
  </actions>
</dataController>