﻿<?xml version="1.0" encoding="utf-8"?>
<dataController name="ctlNSA_Users" conflictDetection="overwriteChanges" label="ctlNSA_Users" xmlns="urn:schemas-codeontime-com:data-aquarium">
  <commands>
    <command id="command1" type="Text" custom="false">
      <text><![CDATA[select
	"NSA_USERS"."ID" "ID"
	,"NSA_USERS"."UserID" "UserID"
	,"NSA_USERS"."Ad-ENT ID" "AdENTID"
	,"NSA_USERS"."First Name" "FirstName"
	,"NSA_USERS"."Last Name" "LastName"
	,"NSA_USERS"."Full Name" "FullName"
	,"NSA_USERS"."Role" "OrgRole"
	,"NSA_USERS"."E-mail Address" "EmailAddress"
	,"NSA_USERS"."nsa_role" "nsarole"
from "dbo"."NSA_USERS" "NSA_USERS"]]></text>
    </command>
    <command id="IDIdentityCommand" type="Text" event="Inserted">
      <text><![CDATA[select @@identity]]></text>
      <output>
        <fieldOutput fieldName="ID" />
      </output>
    </command>
  </commands>
  <fields>
    <field name="ID" type="Int32" allowNulls="false" isPrimaryKey="true" label="Id" readOnly="true" />
    <field name="UserID" type="String" label="User#" length="255" showInSummary="true" hidden="true" />
    <field name="AdENTID" type="String" label="Ad-ENT ID" length="255" showInSummary="true" />
    <field name="FirstName" type="String" label="First Name" length="255" showInSummary="true" />
    <field name="LastName" type="String" label="Last Name" length="255" showInSummary="true" />
    <field name="FullName" type="String" label="Full Name" length="255" showInSummary="true" />
    <field name="OrgRole" type="String" label="Role" length="255">
      <items style="Lookup" dataController="ctluserRole" dataView="grid1" dataTextField="Role" dataValueField="Role" newDataView="grid1" />
    </field>
    <field name="EmailAddress" type="String" label="Email Address" length="255" />
    <field name="nsarole" type="String" label="NSA Role" length="255">
      <items style="DropDownList">
        <item value="admin" text="admin" />
      </items>
    </field>
  </fields>
  <views>
    <view id="grid1" type="DataSheet" commandId="command1" label="Users">
      <headerText />
      <dataFields>
        <dataField fieldName="UserID" hidden="true" />
        <dataField fieldName="AdENTID" />
        <dataField fieldName="FirstName" />
        <dataField fieldName="LastName" />
        <dataField fieldName="FullName" />
        <dataField fieldName="OrgRole" />
        <dataField fieldName="EmailAddress" />
        <dataField fieldName="nsarole" />
      </dataFields>
    </view>
  </views>
  <actions>
    <actionGroup id="ag1" scope="Grid">
      <action id="a1" commandName="Select" commandArgument="grid1" />
      <action id="a2" commandName="Edit" />
      <action id="a3" commandName="Delete" />
      <action id="a6" />
      <action id="a7" commandName="New" commandArgument="grid1" />
    </actionGroup>
    <actionGroup id="ag3" scope="ActionBar" headerText="New" flat="true">
      <action id="a1" commandName="New" cssClass="NewIcon" />
    </actionGroup>
    <actionGroup id="ag5" scope="ActionBar" headerText="Actions">
      <action id="a1" commandName="ExportCsv" headerText="Export to Spreadsheet" />
      <action id="a2" />
    </actionGroup>
    <actionGroup id="ag4" scope="ActionBar" headerText="Edit/Delete" flat="true">
      <action id="a1" whenKeySelected="true" commandName="Edit" cssClass="EditIcon" whenView="grid1" />
      <action id="a2" whenKeySelected="true" commandName="Delete" cssClass="DeleteIcon" whenView="grid1" />
    </actionGroup>
    <actionGroup id="ag6" scope="ActionBar" headerText="Record">
      <action id="a1" whenLastCommandName="Edit" commandName="Update" />
      <action id="a2" whenLastCommandName="Edit" commandName="Cancel" />
      <action id="a3" whenLastCommandName="New" commandName="Insert" />
      <action id="a4" whenLastCommandName="New" commandName="Cancel" />
    </actionGroup>
    <actionGroup id="ag8" scope="Row">
      <action id="a4" whenLastCommandName="Edit" commandName="Update" />
      <action id="a5" whenLastCommandName="Edit" commandName="Cancel" />
      <action id="a6" whenLastCommandName="New" commandName="Insert" />
      <action id="a7" whenLastCommandName="New" commandName="Cancel" />
    </actionGroup>
  </actions>
</dataController>