﻿<?xml version="1.0" encoding="utf-8"?>
<dataController name="ctlPrivateView" conflictDetection="overwriteChanges" label="ctlPrivateView" handler="Wells_Fargo.Rules.ctlPrivateViewBusinessRules" xmlns="urn:schemas-codeontime-com:data-aquarium">
  <commands>
    <command id="command1" type="Text" custom="true">
      <text><![CDATA[SELECT  [viewid]
      ,[viewname]
      ,[ViewCondition]
	  ,useridentity
FROM [NSA_PROJECT].[dbo].[NSA_View]
]]></text>
    </command>
  </commands>
  <fields>
    <field name="viewid" type="Int32" allowNulls="false" isPrimaryKey="true" label="Viewid" readOnly="true" hidden="true" />
    <field name="viewname" type="String" label="View Name" length="255" showInSummary="true" readOnly="true" />
    <field name="ViewCondition" type="String" allowQBE="false" allowSorting="false" label="View Condition" showInSummary="true" readOnly="true" />
    <field name="user_identity" type="String" allowNulls="false" readOnly="true" label="user identity" allowQBE="false" allowSorting="false" htmlEncode="false" hidden="false" length="255">
      <items letters="false" />
    </field>
  </fields>
  <views>
    <view id="grid1" type="Grid" commandId="command1" label="Private Views" filter="useridentity=@BusinessRules_UserName">
      <headerText>Load Fields &amp; Filter From Private View</headerText>
      <dataFields>
        <dataField fieldName="viewid" columns="15" hidden="true" />
        <dataField fieldName="viewname" />
        <dataField fieldName="ViewCondition" rows="5" />
      </dataFields>
    </view>
  </views>
  <actions>
    <actionGroup id="ag100" scope="ActionBar" headerText="Load From" flat="true">
      <action commandArgument="LoadFrom" headerText="Load Fields From Private View" id="a100" commandName="Custom" />
    </actionGroup>
  </actions>
  <businessRules>
    <rule id="r102" commandName="Custom" commandArgument="LoadFrom" type="Code" phase="Execute" name="LoadFrom" />
  </businessRules>
</dataController>