﻿<?xml version="1.0" encoding="utf-8"?>
<dataController name="ctlReasonDialog" label="ctlReasonDialog" conflictDetection="overwriteChanges" xmlns="urn:schemas-codeontime-com:data-aquarium">
  <fields>
    <field name="filedname" type="String" readOnly="true" label="Field Name" allowQBE="false" allowSorting="false" htmlEncode="false" calculated="true" hidden="false" length="50">
      <items letters="false" />
    </field>
    <field name="reasonnote" type="String" allowNulls="false" label="Reason Note" allowQBE="false" allowSorting="false" htmlEncode="false" hidden="false" length="255">
      <items letters="false" />
    </field>
  </fields>
</dataController>