﻿<?xml version="1.0" encoding="utf-8"?>
<dataController name="ctlRouter_Upgr_Status" conflictDetection="overwriteChanges" label="ctlRouter_Upgr_Status" xmlns="urn:schemas-codeontime-com:data-aquarium">
  <commands>
    <command id="command1" type="Text" custom="true">
      <text><![CDATA[Select
        "Router_Upgr_Status"."RouterUpgrStatus"  "RouterUpgrStatus" 
from "Router_Upgr_Status"]]></text>
    </command>
  </commands>
  <fields>
    <field name="RouterUpgrStatus" type="String" label="Router Upgr Status" length="2000" showInSummary="true" />
  </fields>
  <views>
    <view id="grid1" type="Grid" commandId="command1" label="Router Upgr Status">
      <headerText />
      <dataFields>
        <dataField fieldName="RouterUpgrStatus" />
      </dataFields>
    </view>
    <view id="editForm1" type="Form" commandId="command1" label="Review ctl Router Upgr Status">
      <headerText>$DefaultEditViewDescription</headerText>
      <categories>
        <category id="c1" headerText="ctl Router Upgr Status" newColumn="true">
          <description><![CDATA[$DefaultEditDescription]]></description>
          <dataFields>
            <dataField fieldName="RouterUpgrStatus" />
          </dataFields>
        </category>
      </categories>
    </view>
    <view id="createForm1" type="Form" commandId="command1" label="New ctl Router Upgr Status">
      <headerText>$DefaultCreateViewDescription</headerText>
      <categories>
        <category id="c1" headerText="New ctl Router Upgr Status" newColumn="true">
          <description><![CDATA[$DefaultNewDescription]]></description>
          <dataFields>
            <dataField fieldName="RouterUpgrStatus" />
          </dataFields>
        </category>
      </categories>
    </view>
  </views>
  <actions>
    <actionGroup id="ag1" scope="Grid">
      <action id="a1" commandName="Select" commandArgument="editForm1" />
      <action id="a2" commandName="Edit" />
      <action id="a3" commandName="Delete" />
      <action id="a6" />
      <action id="a7" commandName="New" commandArgument="grid1" />
      <action id="a8" commandName="Duplicate" commandArgument="createForm1" />
    </actionGroup>
    <actionGroup id="ag2" scope="Form">
      <action id="a1" commandName="Edit" />
      <action id="a2" commandName="Delete" />
      <action id="a3" commandName="Cancel" />
      <action id="a4" whenLastCommandName="Edit" commandName="Update" />
      <action id="a5" whenLastCommandName="Edit" commandName="Delete" />
      <action id="a6" whenLastCommandName="Edit" commandName="Cancel" />
      <action id="a7" whenLastCommandName="New" commandName="Insert" />
      <action id="a8" whenLastCommandName="New" commandName="Cancel" />
      <action id="a9" whenLastCommandName="Duplicate" commandName="Insert" />
      <action id="a10" whenLastCommandName="Duplicate" commandName="Cancel" />
      <action id="a13" whenLastCommandName="Insert" whenView="createForm1" commandName="Select" commandArgument="editForm1" whenKeySelected="true" whenClientScript="this.get_hasDetails()" />
    </actionGroup>
    <actionGroup id="ag3" scope="ActionBar" headerText="New" flat="true">
      <action id="a1" commandName="New" commandArgument="createForm1" cssClass="NewIcon" />
    </actionGroup>
    <actionGroup id="ag4" scope="ActionBar" headerText="Edit/Delete" flat="true">
      <action id="a1" whenKeySelected="true" commandName="Edit" commandArgument="editForm1" cssClass="EditIcon" whenView="grid1" />
      <action id="a2" whenKeySelected="true" commandName="Delete" cssClass="DeleteIcon" whenView="grid1" />
    </actionGroup>
    <actionGroup id="ag5" scope="ActionBar" headerText="Actions">
      <action id="a1" commandName="ExportCsv" />
      <action id="a2" />
      <action id="a3" commandName="ExportRowset" />
      <action id="a4" commandName="ExportRss" />
    </actionGroup>
    <actionGroup id="ag6" scope="ActionBar" headerText="Record">
      <action id="a1" whenLastCommandName="Edit" commandName="Update" />
      <action id="a2" whenLastCommandName="Edit" commandName="Cancel" />
      <action id="a3" whenLastCommandName="New" commandName="Insert" />
      <action id="a4" whenLastCommandName="New" commandName="Cancel" />
    </actionGroup>
    <actionGroup id="ag8" scope="Row">
      <action id="a4" whenLastCommandName="Edit" commandName="Update" />
      <action id="a5" whenLastCommandName="Edit" commandName="Cancel" />
      <action id="a6" whenLastCommandName="New" commandName="Insert" />
      <action id="a7" whenLastCommandName="New" commandName="Cancel" />
    </actionGroup>
  </actions>
</dataController>