﻿<?xml version="1.0" encoding="utf-8"?>
<dataController name="ctlUserView" conflictDetection="overwriteChanges" label="ctlUserView" handler="Wells_Fargo.Rules.ctlUserViewBusinessRules" xmlns="urn:schemas-codeontime-com:data-aquarium">
  <commands>
    <command id="command1" type="Text" custom="false">
      <text><![CDATA[SELECT 
	"NSA_View"."viewid"
	,"NSA_View"."viewname"
                ,"NSA_View"."ViewCondition" "ViewCondition" 
	,"NSA_View"."useridentity" "useridentity"
	,"NSA_View"."viewispublic"  "viewispublic"
FROM "NSA_View" "NSA_View"]]></text>
    </command>
  </commands>
  <fields>
    <field name="viewid" type="Int32" allowNulls="false" isPrimaryKey="true" label="Viewid" readOnly="true" />
    <field name="viewname" type="String" allowNulls="false" label="Viewname" length="50" showInSummary="true" />
    <field name="useridentity" type="String" label="useridentity" allowQBE="false" allowSorting="false" htmlEncode="false" hidden="true" length="255">
      <items letters="false" />
    </field>
    <field name="ViewCondition" type="String" readOnly="true" label="View Filter (Use Filter &amp; Condition section to Add/Remove or Modify view filter.)" allowQBE="false" allowSorting="false" showInSummary="true" hidden="false">
      <items letters="false" />
    </field>
    <field name="viewispublic" type="Boolean" label="Is Public?" allowNulls="false" allowQBE="false" allowSorting="false" htmlEncode="false" hidden="false" readOnly="true">
      <items style="CheckBox" letters="false" />
    </field>
  </fields>
  <views>
    <view id="grid1" type="DataSheet" commandId="command1" label="Private Views" filter="useridentity=@BusinessRules_UserName">
      <headerText>Note: Use Filter &amp; Condition section to Add/Remove or Modify view filter.</headerText>
      <dataFields>
        <dataField fieldName="viewname" columns="50" />
        <dataField fieldName="viewispublic" />
        <dataField fieldName="useridentity" rows="5" hidden="true" />
        <dataField fieldName="ViewCondition" rows="5" textMode="Note" readOnly="true">
          <footerText />
          <headerText />
        </dataField>
      </dataFields>
    </view>
  </views>
  <actions>
    <actionGroup id="ag1" scope="Grid">
      <action id="a1" commandName="Select" />
      <action id="a2" commandName="Edit" />
      <action id="a3" commandName="Delete" />
    </actionGroup>
    <actionGroup id="ag4" scope="ActionBar" headerText="Edit/Delete" flat="true">
      <action id="a1" whenKeySelected="true" commandName="Edit" cssClass="EditIcon" whenView="grid1" />
      <action id="a2" whenKeySelected="true" commandName="Delete" cssClass="DeleteIcon" whenView="grid1" />
    </actionGroup>
    <actionGroup id="ag6" scope="ActionBar" headerText="Record">
      <action id="a1" whenLastCommandName="Edit" commandName="Update" />
      <action id="a2" whenLastCommandName="Edit" commandName="Cancel" />
    </actionGroup>
    <actionGroup id="ag8" scope="Row">
      <action id="a4" whenLastCommandName="Edit" commandName="Update" />
      <action id="a5" whenLastCommandName="Edit" commandName="Cancel" />
    </actionGroup>
    <actionGroup id="ag100" scope="ActionBar" headerText="Preview" flat="true">
      <action commandName="Custom" commandArgument="Preview" headerText="Preview" whenLastCommandName="Select" id="a100" />
    </actionGroup>
    <actionGroup id="ag101" scope="ActionBar" headerText="New Private Viiew" flat="true">
      <action commandName="Navigate" commandArgument="NewprivateView.aspx" headerText="New View" confirmation="Create Custom Private Viw" id="a100" />
    </actionGroup>
  </actions>
  <businessRules>
    <rule id="r100" commandName="Delete" type="Code" phase="Execute" name="deletechildfields" />
    <rule id="r101" commandName="Custom" commandArgument="Preview" type="Code" phase="Execute" />
  </businessRules>
</dataController>