﻿<?xml version="1.0" encoding="utf-8"?>
<dataController name="ctluserRole" conflictDetection="overwriteChanges" label="ctluserRole" xmlns="urn:schemas-codeontime-com:data-aquarium">
  <commands>
    <command id="command1" type="Text" custom="true">
      <text><![CDATA[select distinct
	 "NSA_USERS"."Role" "Role"
from "dbo"."NSA_USERS" "NSA_USERS"]]></text>
    </command>
  </commands>
  <fields>
    <field name="Role" type="String" label="Role" length="255" showInSummary="true" isPrimaryKey="true" />
  </fields>
  <views>
    <view id="grid1" type="Grid" commandId="command1" label="Roles">
      <headerText />
      <dataFields>
        <dataField fieldName="Role" />
      </dataFields>
    </view>
  </views>
  <actions />
</dataController>