﻿<?xml version="1.0" encoding="utf-8"?>
<dataController name="ctlUserViewFields" conflictDetection="overwriteChanges" label="ctlUserViewFields" xmlns="urn:schemas-codeontime-com:data-aquarium">
  <commands>
    <command id="command1" type="Text" custom="false">
      <text><![CDATA[select
	"NSA_View_Fields"."id" "id"
	,"NSA_View_Fields"."viewid" "viewid"
	,"NSA_View_Fields"."fieldid" "fieldid"
	,"NSA_View_Fields"."visible" "visible"
	,"NSA_View_Fields"."orderby" "orderby"
	,"NSA_View_Fields"."username" "username"
	,"NSA_View_Fields"."sequence" "sequence"
from "NSA_View_Fields" "NSA_View_Fields" order by  "NSA_View_Fields"."sequence" ASC]]></text>
    </command>
    <command id="IDIdentityCommand" type="Text" event="Inserted">
      <text><![CDATA[select @@identity]]></text>
      <output>
        <fieldOutput fieldName="ID" />
      </output>
    </command>
  </commands>
  <fields>
    <field name="id" type="Int32" allowNulls="false" isPrimaryKey="true" label="Id" readOnly="true" />
    <field name="viewid" type="Int32" label="Viewid" showInSummary="true" hidden="true" />
    <field name="fieldid" type="String" allowQBE="false" allowSorting="false" label="Fieldid" showInSummary="true" allowNulls="false">
      <items style="Lookup" dataController="NSA_Field_Info1" dataView="grid1" dataTextField="FieldID" dataValueField="FieldID" />
    </field>
    <field name="visible" type="Boolean" label="Visible" showInSummary="true" allowNulls="false" />
    <field name="orderby" type="String" allowQBE="false" allowSorting="false" label="Orderby" showInSummary="true">
      <items style="DropDownList">
        <item value="ASC" text="ASC" />
        <item value="DESC" text="DESC" />
      </items>
    </field>
    <field name="sequence" type="Int32" label="Sequence" allowQBE="false" allowSorting="false" htmlEncode="false" hidden="false" allowNulls="false">
      <items style="DropDownList" dataController="ctlsequence" dataView="grid1" dataValueField="sequence" letters="false" dataTextField="sequence" />
    </field>
    <field name="username" type="String" label="Username" length="255" showInSummary="true" hidden="true" />
  </fields>
  <views>
    <view id="grid1" type="DataSheet" commandId="command1" label="View Fields">
      <headerText />
      <dataFields>
        <dataField fieldName="sequence" columns="15" />
        <dataField fieldName="viewid" hidden="true" />
        <dataField fieldName="fieldid" rows="5" />
        <dataField fieldName="visible" />
        <dataField fieldName="orderby" rows="5" />
        <dataField fieldName="username" rows="5" hidden="true" />
      </dataFields>
    </view>
  </views>
  <actions>
    <actionGroup id="ag1" scope="Grid">
      <action id="a1" commandName="Select" />
      <action id="a2" commandName="Edit" />
      <action id="a3" commandName="Delete" />
      <action id="a6" />
      <action id="a7" commandName="New" commandArgument="grid1" />
    </actionGroup>
    <actionGroup id="ag3" scope="ActionBar" headerText="New" flat="true">
      <action id="a1" commandName="New" cssClass="NewIcon" />
    </actionGroup>
    <actionGroup id="ag4" scope="ActionBar" headerText="Edit/Delete" flat="true">
      <action id="a1" whenKeySelected="true" commandName="Edit" cssClass="EditIcon" whenView="grid1" />
      <action id="a2" whenKeySelected="true" commandName="Delete" cssClass="DeleteIcon" whenView="grid1" />
    </actionGroup>
    <actionGroup id="ag6" scope="ActionBar" headerText="Record">
      <action id="a1" whenLastCommandName="Edit" commandName="Update" />
      <action id="a2" whenLastCommandName="Edit" commandName="Cancel" />
      <action id="a3" whenLastCommandName="New" commandName="Insert" />
      <action id="a4" whenLastCommandName="New" commandName="Cancel" />
    </actionGroup>
    <actionGroup id="ag8" scope="Row">
      <action id="a4" whenLastCommandName="Edit" commandName="Update" />
      <action id="a5" whenLastCommandName="Edit" commandName="Cancel" />
      <action id="a6" whenLastCommandName="New" commandName="Insert" />
      <action id="a7" whenLastCommandName="New" commandName="Cancel" />
    </actionGroup>
  </actions>
  <businessRules>
    <rule id="r101" commandName="Update|Insert" type="Sql" phase="Before" name="setuser"><![CDATA[set @username=@BusinessRules_UserName ]]></rule>
  </businessRules>
</dataController>