﻿<?xml version="1.0" encoding="utf-8"?>
<dataController name="ctlWLANADMHardwareReport" conflictDetection="overwriteChanges" label="ctlWLANADMHardwareReport" xmlns="urn:schemas-codeontime-com:data-aquarium">
  <commands />
  <fields>
    <field name="SITE_ALIAS" type="String" label="Site Alias" length="255" showInSummary="true" readOnly="true" />
    <field name="BranchName" type="String" label="Branch Name" length="2000" showInSummary="true" readOnly="true" />
    <field name="APsReqd" type="Double" label="APs Reqd" showInSummary="true" readOnly="true" />
    <field name="WSSIsReqd" type="Double" label="WSSI's Reqd" showInSummary="true" readOnly="true" />
    <field name="PwrInjsRqrd" type="Double" label="Pwr Injs Rqrd" showInSummary="true" readOnly="true" />
    <field name="n3750xSwReqd" type="Double" label="SwReqd" readOnly="true" showInSummary="true" />
    <field name="WSC3750X48PS" type="String" label="WS-C3750X-48P-S" length="50" readOnly="true" showInSummary="true" />
    <field name="C3KXPWR715WAC2" type="String" label="C3KX-PWR-715WAC/2" length="50" readOnly="true" showInSummary="true" />
    <field name="CAB3KXAC" type="String" label="CAB-3KX-AC" length="50" readOnly="true" showInSummary="true" />
    <field name="C3KXNM10G" type="String" label="C3KX-NM-10G" length="50" readOnly="true" showInSummary="true" />
    <field name="GLCT" type="String" label="GLC-T" length="50" readOnly="true" showInSummary="true" />
    <field name="GLCSXMMD" type="String" label="GLC-SX-MMD" length="50" readOnly="true" showInSummary="true" />
    <field name="CABSTACK1M" type="String" label="CAB-STACK-1M" length="50" readOnly="true" showInSummary="true" />
    <field name="n3750xSwNotes" type="String" allowQBE="false" allowSorting="false" label="SwNotes" readOnly="true" showInSummary="true" />
    <field name="SWProjPhoenix" type="String" label="SW Proj Phoenix?" length="2000" readOnly="true" showInSummary="true" />
    <field name="WLANInstallPlannedDate" type="DateTime" label="WLAN Install Planned Date" readOnly="true" showInSummary="true" />
    <field name="WLANInstallActualDate" type="DateTime" label="WLAN Install Actual Date" readOnly="true" showInSummary="true" />
    <field name="WLANDeploy" type="String" label="WLAN Deploy" length="2000" readOnly="true" showInSummary="true" />
    <field name="WLANStatus" type="String" label="WLAN Status" length="2000" readOnly="true" showInSummary="true" />
    <field name="ReadinessDeploy" type="String" label="Readiness Deploy" length="2000" readOnly="true" showInSummary="true" />
    <field name="EUCCoordinator" type="String" label="EUC Coordinator" length="2000" readOnly="true" showInSummary="true" />
    <field name="SiteNotes" type="String" allowQBE="false" allowSorting="false" label="Site Notes" readOnly="true" showInSummary="true" />
  </fields>
  <views>
    <view id="grid1" type="DataSheet" commandId="command1" label="ADM Hardware WLAN Report">
      <headerText />
      <dataFields>
        <dataField fieldName="SITE_ALIAS" />
        <dataField fieldName="BranchName" />
        <dataField fieldName="APsReqd" columns="15" />
        <dataField fieldName="WSSIsReqd" columns="15" />
        <dataField fieldName="PwrInjsRqrd" columns="15" />
        <dataField fieldName="n3750xSwReqd" columns="15" />
        <dataField fieldName="WSC3750X48PS" columns="50" />
        <dataField fieldName="C3KXPWR715WAC2" columns="50" />
        <dataField fieldName="CAB3KXAC" columns="50" />
        <dataField fieldName="C3KXNM10G" columns="50" />
        <dataField fieldName="GLCT" columns="50" />
        <dataField fieldName="GLCSXMMD" columns="50" />
        <dataField fieldName="CABSTACK1M" columns="50" />
        <dataField fieldName="n3750xSwNotes" rows="5" />
        <dataField fieldName="SWProjPhoenix" />
        <dataField fieldName="WLANInstallPlannedDate" columns="10" />
        <dataField fieldName="WLANInstallActualDate" columns="10" />
        <dataField fieldName="WLANDeploy" />
        <dataField fieldName="WLANStatus" />
        <dataField fieldName="ReadinessDeploy" />
        <dataField fieldName="EUCCoordinator" />
        <dataField fieldName="SiteNotes" rows="5" />
      </dataFields>
    </view>
  </views>
  <actions>
    <actionGroup id="ag5" scope="ActionBar" headerText="Actions">
      <action id="a1" commandName="ExportCsv" headerText="Export to Spreadsheet" />
      <action id="a2" />
    </actionGroup>
  </actions>
  <businessRules>
    <rule type="Sql" id="enableResultSet" commandName="Select" phase="Before"><![CDATA[set @BusinessRules_EnableResultSet = 1
-- Enable caching of the result set. Duration is specified in seconds.
-- set @BusinessRules_ResultSetCacheDuration = 30 ]]></rule>
    <rule type="Sql" id="getData" commandName="Select" phase="Before"><![CDATA[EXEC ADMHardwareWLAN]]></rule>
    <rule type="Sql" id="insert" commandName="Insert" phase="Before"><![CDATA[set @BusinessRules_PreventDefault = 1
-- implement insert here]]></rule>
    <rule type="Sql" id="update" commandName="Update" phase="Before"><![CDATA[set @BusinessRules_PreventDefault = 1
-- implement update here]]></rule>
    <rule type="Sql" id="delete" commandName="Delete" phase="Before"><![CDATA[set @BusinessRules_PreventDefault = 1
-- implement delete here]]></rule>
  </businessRules>
</dataController>