﻿<?xml version="1.0" encoding="utf-8"?>
<dataController name="ctlWFACKTRTRSiteReadiness" conflictDetection="overwriteChanges" label="ctlWFACKTRTRSiteReadiness" xmlns="urn:schemas-codeontime-com:data-aquarium">
  <commands>
    <command id="command1" type="Text" custom="true">
      <text><![CDATA[select
       [Readiness Deploy] as "ReadinessDeploy"
      ,[IPT Phase] as  "IPTPhase"
      ,[Branch Name] as "BranchName"
      ,[EUC Coordinator] as "EUCCoordinator"
      ,[Readiness Equipment Status] as "ReadinessEquipmentStatus"
      ,[Ckt Upgr Status] as "CktUpgrStatus"
      ,[Rtr/Ckt Upgr Planned] as "RtrCktUpgrPlanned"
      ,[Ckt/Rtr CR#] as "CktRtrCR" 
      ,[Rtr/Ckt Upgr Actual] as "RtrCktUpgrActual"
      ,[Address 1] as "Address1"
      ,[City]
      ,[State]
FROM [NSA_PROJECT].[dbo].[NSA_Address_Info]]]></text>
    </command>
  </commands>
  <fields>
    <field name="ReadinessDeploy" type="String" label="Readiness Deploy" length="2000" showInSummary="true" readOnly="true" />
    <field name="IPTPhase" type="String" label="IPT Phase" length="2000" showInSummary="true" readOnly="true" />
    <field name="BranchName" type="String" label="Branch Name" length="2000" showInSummary="true" readOnly="true" />
    <field name="EUCCoordinator" type="String" label="EUC Coordinator" length="2000" showInSummary="true" readOnly="true" />
    <field name="ReadinessEquipmentStatus" type="String" label="Readiness Equipment Status" length="50" showInSummary="true" readOnly="true" />
    <field name="CktUpgrStatus" type="String" label="Ckt Upgr Status" length="2000" readOnly="true" />
    <field name="RtrCktUpgrPlanned" type="DateTime" label="Rtr/Ckt Upgr Planned" readOnly="true" />
    <field name="CktRtrCR" type="String" label="Ckt/Rtr CR#" length="2000" readOnly="true" />
    <field name="RtrCktUpgrActual" type="DateTime" label="Rtr/Ckt Upgr Actual" readOnly="true" />
    <field name="Address1" type="String" label="Address 1" length="2000" readOnly="true" />
    <field name="City" type="String" label="City" length="2000" readOnly="true" />
    <field name="State" type="String" label="State" length="2000" readOnly="true" />
  </fields>
  <views>
    <view id="grid1" type="DataSheet" commandId="command1" label="WFA CKT/RTR Site Readiness Report">
      <headerText>WFA CKT/RTR Site Readiness Report</headerText>
      <dataFields>
        <dataField fieldName="ReadinessDeploy" />
        <dataField fieldName="IPTPhase" />
        <dataField fieldName="BranchName" />
        <dataField fieldName="EUCCoordinator" />
        <dataField fieldName="ReadinessEquipmentStatus" columns="50" />
        <dataField fieldName="CktUpgrStatus" />
        <dataField fieldName="RtrCktUpgrPlanned" columns="10" />
        <dataField fieldName="CktRtrCR" />
        <dataField fieldName="RtrCktUpgrActual" columns="10" />
        <dataField fieldName="Address1" />
        <dataField fieldName="City" />
        <dataField fieldName="State" />
      </dataFields>
    </view>
  </views>
  <actions>
    <actionGroup id="ag5" scope="ActionBar" headerText="Actions">
      <action id="a1" commandName="ExportCsv" headerText="Export to Spreadsheet" />
      <action id="a2" />
    </actionGroup>
  </actions>
</dataController>