﻿<?xml version="1.0" encoding="utf-8"?>
<dataController name="ctlWLANCriticalPathSiteDetailReport" conflictDetection="overwriteChanges" label="ctlWLANCriticalPathSiteDetailReport" xmlns="urn:schemas-codeontime-com:data-aquarium">
  <commands />
  <fields>
    <field name="WorkStream" type="String" allowNulls="false" label="Work Stream" readOnly="true" length="4" showInSummary="true" />
    <field name="SiteCode" type="String" label="Site Code" length="255" showInSummary="true" readOnly="true" />
    <field name="MAC" type="String" label="Mac" length="15" showInSummary="true" readOnly="true" />
    <field name="City" type="String" label="City" length="2000" showInSummary="true" readOnly="true" />
    <field name="SiteVisit" type="Int32" label="Site Visit" showInSummary="true" readOnly="true" />
    <field name="PredSurvActual" type="String" label="Pred Surv Actual" readOnly="true" length="10" />
    <field name="WLANBOMposted" type="String" label="WLAN BOM posted" readOnly="true" length="10" />
    <field name="WLANInstallPlannedDate" type="String" label="WLAN Install Planned Date" readOnly="true" length="10" />
    <field name="WLANCR" type="String" label="WLAN CR" length="2000" readOnly="true" />
    <field name="WLANInstallActualDate" type="String" label="WLAN Install Actual Date" readOnly="true" length="10" />
  </fields>
  <views>
    <view id="grid1" type="DataSheet" commandId="command1" label="WLAN Critical Path Site Detail Report">
      <headerText />
      <dataFields>
        <dataField fieldName="WorkStream" columns="4" />
        <dataField fieldName="SiteCode" />
        <dataField fieldName="MAC" columns="15" />
        <dataField fieldName="City" />
        <dataField fieldName="SiteVisit" columns="15" />
        <dataField fieldName="PredSurvActual" columns="10" />
        <dataField fieldName="WLANBOMposted" columns="10" />
        <dataField fieldName="WLANInstallPlannedDate" columns="10" />
        <dataField fieldName="WLANCR" />
        <dataField fieldName="WLANInstallActualDate" columns="10" />
      </dataFields>
    </view>
  </views>
  <actions>
    <actionGroup id="ag5" scope="ActionBar" headerText="Actions">
      <action id="a1" commandName="ExportCsv" headerText="Export to Spreadsheet" />
      <action id="a2" />
    </actionGroup>
  </actions>
  <businessRules>
    <rule type="Sql" id="enableResultSet" commandName="Select" phase="Before"><![CDATA[set @BusinessRules_EnableResultSet = 1
-- Enable caching of the result set. Duration is specified in seconds.
-- set @BusinessRules_ResultSetCacheDuration = 30 ]]></rule>
    <rule type="Sql" id="getData" commandName="Select" phase="Before"><![CDATA[EXEC WLANCriticalPathSiteDetailReport]]></rule>
    <rule type="Sql" id="insert" commandName="Insert" phase="Before"><![CDATA[set @BusinessRules_PreventDefault = 1
-- implement insert here]]></rule>
    <rule type="Sql" id="update" commandName="Update" phase="Before"><![CDATA[set @BusinessRules_PreventDefault = 1
-- implement update here]]></rule>
    <rule type="Sql" id="delete" commandName="Delete" phase="Before"><![CDATA[set @BusinessRules_PreventDefault = 1
-- implement delete here]]></rule>
  </businessRules>
</dataController>