﻿<?xml version="1.0" encoding="utf-8"?>
<dataController name="ctlWLANFloorplanIssues" label="ctlWLANFloorplanIssues" conflictDetection="overwriteChanges" xmlns="urn:schemas-codeontime-com:data-aquarium">
  <commands>
    <command id="command1" type="Text" custom="false">
      <text><![CDATA[select
                "NSA_WLANFloorplanIssues"."ID" "ID"
	,"NSA_WLANFloorplanIssues"."SITE_ALIAS" "SITE_ALIAS"
	,"NSA_WLANFloorplanIssues"."SiteVisit#" "SiteVisits"
	,"NSA_WLANFloorplanIssues"."WLAN Deploy" "WLANDeploy"
	,"NSA_WLANFloorplanIssues"."Branch Name" "BranchName"
	,"NSA_WLANFloorplanIssues"."WLAN Status" "WLANStatus"
	,"NSA_WLANFloorplanIssues"."Site Notes" "SiteNotes"
	,"NSA_WLANFloorplanIssues"."EUC Coordinator" "EUCCoordinator"
                ,"NSA_WLANFloorplanIssues"."SMSFLPlanVerified" "SMSFLPlanVerified"
	,"NSA_WLANFloorplanIssues"."WLAN Install Planned Date" "WLANInstallPlannedDate"
	,"NSA_WLANFloorplanIssues"."WLAN CR#" "WLANCR"
	,"NSA_WLANFloorplanIssues"."WLAN Install Actual Date" "WLANInstallActualDate"
	,"NSA_WLANFloorplanIssues"."MAC Code" "MACCode"
	,"NSA_WLANFloorplanIssues"."Pred Surv Tech" "PredSurvTech"
	,"NSA_WLANFloorplanIssues"."Address 1" "Address1"
	,"NSA_WLANFloorplanIssues"."Address 2" "Address2"
	,"NSA_WLANFloorplanIssues"."City" "City"
	,"NSA_WLANFloorplanIssues"."State" "State"
	,"NSA_WLANFloorplanIssues"."Zip Code" "ZipCode"
	,"NSA_WLANFloorplanIssues"."Fl Plan in SMS" "FlPlaninSMS"
	,"NSA_WLANFloorplanIssues"."Site Visit - Reschedule" "SiteVisitReschedule"
from "dbo"."NSA_WLANFloorplanIssues" "NSA_WLANFloorplanIssues"]]></text>
    </command>
  </commands>
  <fields>
    <field name="ID" type="Int32" allowNulls="false" isPrimaryKey="true" label="Id" readOnly="true" />
    <field name="SITE_ALIAS" type="String" label="SiteAlias" length="255" showInSummary="true" hidden="false" readOnly="true" />
    <field name="WLANDeploy" type="String" label="WLANDeploy" length="255" showInSummary="true">
      <items style="Lookup" dataController="WLAN_DEPLOY" dataView="grid1" dataValueField="WLANDeploy" />
    </field>
    <field name="BranchName" type="String" label="BranchName" length="255" showInSummary="true" />
    <field name="WLANStatus" type="String" label="WLANStatus" length="255" showInSummary="true" />
    <field name="SiteNotes" type="String" label="SiteNotes                  " showInSummary="true" allowQBE="false" allowSorting="false" />
    <field name="EUCCoordinator" type="String" label="EUCCoordinator" length="255" showInSummary="true">
      <items style="Lookup" dataController="EUC_COORD" dataView="grid1" dataValueField="EUCCoordinator" />
    </field>
    <field name="WLANInstallPlannedDate" type="DateTime" label="WLANInstallPlannedDate" showInSummary="true" />
    <field name="WLANCR" type="String" label="WLANCR" length="255" showInSummary="true" />
    <field name="WLANInstallActualDate" type="DateTime" label="WLANInstallActualDate" showInSummary="true" />
    <field name="MACCode" type="String" label="MACCode" length="255" showInSummary="true" />
    <field name="Address1" type="String" label="Address1" length="255" showInSummary="true" />
    <field name="Address2" type="String" label="Address2" length="255" showInSummary="true" />
    <field name="City" type="String" label="City" length="255" showInSummary="true" />
    <field name="State" type="String" label="State" length="255" />
    <field name="ZipCode" type="String" label="ZipCode" length="255" />
    <field name="FlPlaninSMS" type="String" label="FlPlaninSMS" length="255" showInSummary="true">
      <items style="DropDownList">
        <item value="No" text="No" />
        <item value="Yes" text="Yes" />
        <item value="DWF" text="DWF" />
        <item value="DWF – not current" text="DWF – not current" />
        <item value="PDF" text="PDF" />
        <item value="PDF – Useable" text="PDF – Useable"/>
        <item value="PDF – not clear" text="PDF – not clear" />
        <item value="PDF – hand drawn" text="PDF – hand drawn" />
        <item value="PDF – not to scale" text="PDF – not to scale" />
        <item value="PDF – no dimensions" text="PDF – no dimensions" />
        <item value="PDF – not current" text="PDF – not current" />
      </items>
    </field>
    
    <field name="SiteVisitReschedule" type="String" label="SiteVisitReschedule" length="255" showInSummary="true" />
    <field name="PredSurvTech" type="String" label="Pred Surv Tech" allowQBE="false" allowSorting="false" htmlEncode="false" hidden="false" length="250">
      <items style="DropDownList" dataController="PRED_SURV_TECH" dataView="grid1" dataValueField="PredSurvTech" letters="false" />
    </field>
    <field name="Issue" type="Boolean" label="Issue" allowSorting="false" showInSummary="true" htmlEncode="false" calculated="true" hidden="false" readOnly="true" allowQBE="false">
      <items letters="false" />
    </field>
    <field name="SMSFLPlanVerified" type="Boolean" label="SMSFLPlanVerified " showInSummary="true" htmlEncode="false" hidden="false">
      <items letters="false" />
    </field>
    <field name="SiteVisits" type="UInt32" readOnly="true" label="SiteVisit#" htmlEncode="false" hidden="false">
      <items letters="false" />
    </field>
  </fields>
  <views>
    <view id="grid1" type="DataSheet" commandId="command1" label="WLAN" access="Public">
      <headerText />
      <dataFields>
        <dataField fieldName="SITE_ALIAS" readOnly="true" />
        <dataField fieldName="SiteVisits" columns="15" />
        <dataField fieldName="Issue" />
        <dataField fieldName="WLANDeploy" />
        <dataField fieldName="BranchName" />
        <dataField fieldName="WLANStatus" />
        <dataField fieldName="SiteNotes" textMode="RichText" />
        <dataField fieldName="PredSurvTech" columns="20" />
        <dataField fieldName="EUCCoordinator" />
        <dataField fieldName="WLANInstallPlannedDate" columns="10" />
        <dataField fieldName="WLANCR" />
        <dataField fieldName="WLANInstallActualDate" columns="10" />
        <dataField fieldName="MACCode" />
        <dataField fieldName="Address1" />
        <dataField fieldName="Address2" />
        <dataField fieldName="City" />
        <dataField fieldName="State" />
        <dataField fieldName="ZipCode" />
        <dataField fieldName="FlPlaninSMS" />
        <dataField fieldName="SMSFLPlanVerified" />
        <dataField fieldName="SiteVisitReschedule" />
      </dataFields>
    </view>
  </views>
  <actions>
    <actionGroup id="ag6" scope="ActionBar" headerText="Record">
      <action id="a1" whenLastCommandName="Edit" commandName="Update" />
      <action id="a2" whenLastCommandName="Edit" commandName="Cancel" />
    </actionGroup>
    <actionGroup id="ag5" scope="ActionBar" headerText="Actions">
      <action id="a1" commandName="ExportCsv" headerText="Export to Spreadsheet" />
      <action id="a2" />
      <action id="a5" />
    </actionGroup>
    <actionGroup id="ag4" scope="ActionBar" headerText="Edit" flat="true">
      <action id="a1" whenKeySelected="true" commandName="Edit" cssClass="EditIcon" whenView="grid1" />
    </actionGroup>
    <actionGroup id="ag1" scope="Grid">
      <action id="a1" commandName="Select" />
      <action id="a2" commandName="Edit" />
      <action id="a101" />
      <action commandArgument="NSA_Address_Info.aspx?_controller=NSA_Address_Info&amp;ID={ID}&amp;_commandName=Select&amp;_commandArgument=grid1" id="a100" commandName="Navigate" headerText="Goto the same record in Enterprise" description="Navigate to Enterprise page using selected record." />
    </actionGroup>
    <actionGroup id="ag100" scope="ActionBar" headerText="Goto the same record in Enterprise" flat="true">
      <action commandName="Navigate" commandArgument="NSA_Address_Info.aspx?_controller=NSA_Address_Info&amp;ID={ID}&amp;_commandName=Select&amp;_commandArgument=grid1" headerText="Goto the same record in Enterprise" id="a100" description="Navigate to Enterprise page using selected record." />
    </actionGroup>
  </actions>
  <businessRules>
    <rule id="r102" commandName="Update" type="Sql" phase="Execute" name="KeepWLANPlannedInstallDate"><![CDATA[if @WLANInstallPlannedDate_NewValue !=@WLANInstallPlannedDate_OldValue
begin
insert into DatesHistorylog (tablename, columnname,parentid,oldvalue, newvalue,ModifiedDate,ModifyUser) 
values ('NSA_Address_Info','WLAN PLANNED INSTALL DATE', @ID,@WLANInstallPlannedDate_OldValue, 
@WLANInstallPlannedDate_NewValue,getDate(),@BusinessRules_UserName)
end]]></rule>
  </businessRules>
</dataController>