﻿<?xml version="1.0" encoding="utf-8"?>
<dataController name="farzadtet" conflictDetection="overwriteChanges" label="farzadtet" xmlns="urn:schemas-codeontime-com:data-aquarium">
  <commands>
    <command id="command1" type="Text" custom="true">
      <text><![CDATA[/****** Script for SelectTopNRows command from SSMS  ******/
SELECT [ID]
      ,[SITE_ALIAS]
      ,[SiteVisit#]
      ,[WLAN Deploy]
      ,[Branch Name]
      ,[WLAN Status]
      ,[Site Notes]
      ,[EUC Coordinator]
      ,[SMSFLPlanVerified]
      ,[WLAN Install Planned Date]
      ,[WLAN CR#]
      ,[WLAN Install Actual Date]
      ,[MAC Code]
      ,[Pred Surv Tech]
      ,[Address 1]
      ,[Address 2]
      ,[City]
      ,[State]
      ,[Zip Code]
      ,[Fl Plan in SMS]
      ,[Site Visit - Reschedule]
  FROM [NSA_PROJECT].[dbo].[NSA_WLANFloorplanIssues]]]></text>
    </command>
  </commands>
  <fields>
    <field name="ID" type="Int32" allowNulls="false" label="Id" showInSummary="true" />
    <field name="SITE_ALIAS" type="String" label="Site Alias" length="255" showInSummary="true" />
    <field name="SiteVisit" type="Int32" label="Site Visit" showInSummary="true" />
    <field name="WLANDeploy" type="String" label="WLAN Deploy" length="2000" showInSummary="true" />
    <field name="BranchName" type="String" label="Branch Name" length="2000" showInSummary="true" />
    <field name="WLANStatus" type="String" label="WLAN Status" length="2000" />
    <field name="SiteNotes" type="String" allowQBE="false" allowSorting="false" label="Site Notes" />
    <field name="EUCCoordinator" type="String" label="EUC Coordinator" length="2000" />
    <field name="SMSFLPlanVerified" type="Boolean" label="SMSFL Plan Verified" />
    <field name="WLANInstallPlannedDate" type="DateTime" label="WLAN Install Planned Date" />
    <field name="WLANCR" type="String" label="Wlancr" length="2000" />
    <field name="WLANInstallActualDate" type="DateTime" label="WLAN Install Actual Date" />
    <field name="MACCode" type="String" label="MAC Code" length="50" />
    <field name="PredSurvTech" type="String" label="Pred Surv Tech" length="2000" />
    <field name="Address1" type="String" label="Address1" length="2000" />
    <field name="Address2" type="String" label="Address2" length="2000" />
    <field name="City" type="String" label="City" length="2000" />
    <field name="State" type="String" label="State" length="2000" />
    <field name="ZipCode" type="String" label="Zip Code" length="2000" />
    <field name="FlPlaninSMS" type="String" label="Fl Planin SMS" length="2000" />
    <field name="SiteVisitReschedule" type="DateTime" label="Site Visit Reschedule" />
  </fields>
  <views>
    <view id="grid1" type="DataSheet" commandId="command1" label="Farzadtet">
      <headerText>$DefaultGridViewDescription</headerText>
      <dataFields>
        <dataField fieldName="ID" columns="15" />
        <dataField fieldName="SITE_ALIAS" />
        <dataField fieldName="SiteVisit" columns="15" />
        <dataField fieldName="WLANDeploy" />
        <dataField fieldName="BranchName" />
        <dataField fieldName="WLANStatus" />
        <dataField fieldName="SiteNotes" rows="5" />
        <dataField fieldName="EUCCoordinator" />
        <dataField fieldName="SMSFLPlanVerified" />
        <dataField fieldName="WLANInstallPlannedDate" columns="10" />
        <dataField fieldName="WLANCR" />
        <dataField fieldName="WLANInstallActualDate" columns="10" />
        <dataField fieldName="MACCode" columns="50" />
        <dataField fieldName="PredSurvTech" />
        <dataField fieldName="Address1" />
        <dataField fieldName="Address2" />
        <dataField fieldName="City" />
        <dataField fieldName="State" />
        <dataField fieldName="ZipCode" />
        <dataField fieldName="FlPlaninSMS" />
        <dataField fieldName="SiteVisitReschedule" columns="10" />
      </dataFields>
    </view>
  </views>
  <actions>
    <actionGroup id="ag1" scope="Grid">
      <action id="a1" commandName="Select" />
      <action id="a2" commandName="Edit" />
      <action id="a3" commandName="Delete" />
      <action id="a6" />
      <action id="a7" commandName="New" commandArgument="grid1" />
      <action id="a8" commandName="Duplicate" />
    </actionGroup>
    <actionGroup id="ag2" scope="Form">
      <action id="a1" commandName="Edit" />
      <action id="a2" commandName="Delete" />
      <action id="a3" commandName="Cancel" />
      <action id="a4" whenLastCommandName="Edit" commandName="Update" />
      <action id="a5" whenLastCommandName="Edit" commandName="Delete" />
      <action id="a6" whenLastCommandName="Edit" commandName="Cancel" />
      <action id="a7" whenLastCommandName="New" commandName="Insert" />
      <action id="a8" whenLastCommandName="New" commandName="Cancel" />
      <action id="a9" whenLastCommandName="Duplicate" commandName="Insert" />
      <action id="a10" whenLastCommandName="Duplicate" commandName="Cancel" />
      <action id="a13" whenLastCommandName="Insert" commandName="Select" whenKeySelected="true" whenClientScript="this.get_hasDetails()" />
    </actionGroup>
    <actionGroup id="ag3" scope="ActionBar" headerText="New" flat="true">
      <action id="a1" commandName="New" cssClass="NewIcon" />
    </actionGroup>
    <actionGroup id="ag4" scope="ActionBar" headerText="Edit/Delete" flat="true">
      <action id="a1" whenKeySelected="true" commandName="Edit" cssClass="EditIcon" whenView="grid1" />
      <action id="a2" whenKeySelected="true" commandName="Delete" cssClass="DeleteIcon" whenView="grid1" />
    </actionGroup>
    <actionGroup id="ag5" scope="ActionBar" headerText="Actions">
      <action id="a1" commandName="ExportCsv" />
      <action id="a2" />
      <action id="a3" commandName="ExportRowset" />
      <action id="a4" commandName="ExportRss" />
    </actionGroup>
    <actionGroup id="ag6" scope="ActionBar" headerText="Record">
      <action id="a1" whenLastCommandName="Edit" commandName="Update" />
      <action id="a2" whenLastCommandName="Edit" commandName="Cancel" />
      <action id="a3" whenLastCommandName="New" commandName="Insert" />
      <action id="a4" whenLastCommandName="New" commandName="Cancel" />
    </actionGroup>
    <actionGroup id="ag8" scope="Row">
      <action id="a4" whenLastCommandName="Edit" commandName="Update" />
      <action id="a5" whenLastCommandName="Edit" commandName="Cancel" />
      <action id="a6" whenLastCommandName="New" commandName="Insert" />
      <action id="a7" whenLastCommandName="New" commandName="Cancel" />
    </actionGroup>
  </actions>
</dataController>