﻿<?xml version="1.0" encoding="utf-8"?>
<dataController name="IPT" conflictDetection="overwriteChanges" label="Ipt" xmlns="urn:schemas-codeontime-com:data-aquarium">
  <commands>
    <command id="command1" type="Text">
      <text><![CDATA[select
	"NSA_Address_Info"."SITE_ALIAS" "SITE_ALIAS"
	,"NSA_Address_Info"."ID" "ID"
	,"NSA_Address_Info"."Priority" "Priority"
	,"NSA_Address_Info"."Site Notes" "SiteNotes"
	,"NSA_Address_Info"."IPT(Y/N existing?)" "IPTYNexisting"
	,"NSA_Address_Info"."IPT Phase" "IPTPhase"
	,"NSA_Address_Info"."Bndwdth Upgrd (yes/no)" "BndwdthUpgrdyesno"
	,"NSA_Address_Info"."Current Bndwdth" "CurrentBndwdth"
	,"NSA_Address_Info"."Recmd Upgrd Ckt size" "RecmdUpgrdCktsize"
	,"NSA_Address_Info"."Ckt Upgr Status" "CktUpgrStatus"
	,"NSA_Address_Info"."Router Refr?" "RouterRefr"
	,"NSA_Address_Info"."Router Upgr Status" "RouterUpgrStatus"
	,"NSA_Address_Info"."Ckt/Rtr CR#" "CktRtrCR"
	,"NSA_Address_Info"."Rtr/Ckt Upgr Planned" "RtrCktUpgrPlanned"
	,"NSA_Address_Info"."EUC Coordinator" "EUCCoordinator"
	,"NSA_Address_Info"."IPT Site Status" "IPTSiteStatus"
	,"NSA_Address_Info"."IPT Conversion Date Planned" "IPTConversionDatePlanned"
	,"NSA_Address_Info"."IPT Conversion Date Actual" "IPTConversionDateActual"
	,"NSA_Address_Info"."EUC Voice PM" "EUCVoicePM"
	,"NSA_Address_Info"."#Users" "Users"
	,"NSA_Address_Info"."# Phone Sets" "PhoneSets"
	,"NSA_Address_Info"."Branch Name" "BranchName"
	,"NSA_Address_Info"."Address 1" "Address1"
	,"NSA_Address_Info"."Address 2" "Address2"
	,"NSA_Address_Info"."MAC Code" "MACCode"
	,"NSA_Address_Info"."City" "City"
	,"NSA_Address_Info"."State" "State"
	,"NSA_Address_Info"."Zip Code" "ZipCode"
	,"NSA_Address_Info"."CSR Scrub Completed" "CSRScrubCompleted"
	,"NSA_Address_Info"."Issue notes" "Issuenotes"
	,"NSA_Address_Info"."BR MGR" "BRMGR"
	,"NSA_Address_Info"."Main Phone#" "MainPhone"
	,"NSA_Address_Info"."Br 2nd Contact" "Br2ndContact"
	,"NSA_Address_Info"."Numbers Portable?" "NumbersPortable"
	,"NSA_Address_Info"."Number of DIDs Needed?" "NumberofDIDsNeeded"
	,"NSA_Address_Info"."#FAX-Analog FXS ports" "FAXAnalogFXSports"
	,"NSA_Address_Info"."#Paging/911 FXO ports" "Paging911FXOports"
	,"NSA_Address_Info"."Cluster Alias" "ClusterAlias"
	,"NSA_Address_Info"."Cluster Bias" "ClusterBias"
	,"NSA_Address_Info"."Publisher IP Address" "PublisherIPAddress"
	,"NSA_Address_Info"."Publisher Name" "PublisherName"
	,"NSA_Address_Info"."Subscriber 1 IP Address" "Subscriber1IPAddress"
	,"NSA_Address_Info"."Subscriber 1 Name" "Subscriber1Name"
	,"NSA_Address_Info"."Subscriber 2 IP Address" "Subscriber2IPAddress"
	,"NSA_Address_Info"."Subscriber 2 Name" "Subscriber2Name"
	,"NSA_Address_Info"."TFTP 1 IP Address" "TFTP1IPAddress"
	,"NSA_Address_Info"."TFTP 1 Name" "TFTP1Name"
	,"NSA_Address_Info"."TFTP 2 IP Address" "TFTP2IPAddress"
	,"NSA_Address_Info"."TFTP 2 Name" "TFTP2Name"
	,"NSA_Address_Info"."Unity IP Address" "UnityIPAddress"
	,"NSA_Address_Info"."Unity Name" "UnityName"
	,"NSA_Address_Info"."MOH Server IP Address" "MOHServerIPAddress"
	,"NSA_Address_Info"."Sonus CSN" "SonusCSN"
	,"NSA_Address_Info"."Sonus Call Control Platform" "SonusCallControlPlatform"
	,"NSA_Address_Info"."Sonus Site Bias" "SonusSiteBias"
	,"NSA_Address_Info"."Sonus ELS Tier-Market" "SonusELSTierMarket"
	,"NSA_Address_Info"."Sonus RC ABBR" "SonusRCABBR"
	,"NSA_Address_Info"."Sonus RC STATE" "SonusRCSTATE"
	,"NSA_Address_Info"."Sonus Lata" "SonusLata"
	,"NSA_Address_Info"."Sonus ELS w/ Cust# Provided 911 Coverage" "SonusELSwCustProvided911Coverage"
	,"NSA_Address_Info"."Sonus Local Inbound Coverage" "SonusLocalInboundCoverage"
	,"NSA_Address_Info"."Sonus Local Inbound Tier-Market" "SonusLocalInboundTierMarket"
	,"NSA_Address_Info"."CMP Order # for Alarm lines" "CMPOrderforAlarmlines"
	,"NSA_Address_Info"."911 - Determine Qty" "n911DetermineQty"
	,"NSA_Address_Info"."911 Carrier Due Date" "n911CarrierDueDate"
	,"NSA_Address_Info"."911 Matrix Request #" "n911MatrixRequest"
	,"NSA_Address_Info"."DID Range - Determine Need" "DIDRangeDetermineNeed"
	,"NSA_Address_Info"."DID Range - Determine Qty" "DIDRangeDetermineQty"
	,"NSA_Address_Info"."DID Range Carrier Due Date" "DIDRangeCarrierDueDate"
	,"NSA_Address_Info"."DID Range Matrix Request #" "DIDRangeMatrixRequest"
	,"NSA_Address_Info"."MAC" "MAC"
	,"NSA_Address_Info"."Floor" "Floor"
from "dbo"."NSA_Address_Info" "NSA_Address_Info"]]></text>
    </command>
  </commands>
  <fields>
    <field name="SITE_ALIAS" type="String" isPrimaryKey="true" label="Site Alias" length="255" showInSummary="true" />
    <field name="ID" type="Double" label="Id" showInSummary="true" />
    <field name="SiteDeploy" type="String" label="Site Deploy" length="255" showInSummary="true" />
    <field name="Priority" type="String" label="Priority" length="255" showInSummary="true" />
    <field name="SiteNotes" type="String" label="Site Notes" length="255" showInSummary="true" />
    <field name="IPTYNexisting" type="String" label="IPT Y Nexisting" length="255" />
    <field name="IPTPhase" type="String" label="IPT Phase" length="255">
      <items style="Lookup" dataController="IPT_Phase" dataView="grid1" dataValueField="IPTPhase" />
    </field>
    <field name="BndwdthUpgrdyesno" type="String" label="Bndwdth Upgrd yes no" length="255" />
    <field name="CurrentBndwdth" type="String" label="Current Bndwdth" length="255" />
    <field name="RecmdUpgrdCktsize" type="String" label="Recmd Upgrd Cktsize" length="255" />
    <field name="CktUpgrStatus" type="String" label="Ckt Upgr Status" length="255" />
    <field name="RouterRefr" type="String" label="Router Refr" length="255" />
    <field name="RouterUpgrStatus" type="String" label="Router Upgr Status" length="255" />
    <field name="CktRtrCR" type="String" label="Ckt Rtr CR" length="255" />
    <field name="RtrCktUpgrPlanned" type="String" label="Rtr Ckt Upgr Planned" length="255" />
    <field name="CktUpgrActual" type="String" label="Ckt Upgr Actual" length="255" />
    <field name="Cktorder" type="String" label="Cktorder" length="255" />
    <field name="EUCCoordinator" type="String" label="EUC Coordinator" length="255" />
    <field name="IPTSiteStatus" type="String" label="IPT Site Status" length="255" />
    <field name="IPTConversionDatePlanned" type="String" label="IPT Conversion Date Planned" length="255" />
    <field name="IPTConversionDateActual" type="String" label="IPT Conversion Date Actual" length="255" />
    <field name="EUCVoicePM" type="String" label="EUC Voice PM" length="255" />
    <field name="Users" type="String" label="Users" length="255" />
    <field name="PhoneSets" type="Double" label="Phone Sets" />
    <field name="BranchName" type="String" label="Branch Name" length="255" />
    <field name="Address1" type="String" label="Address1" length="255" />
    <field name="Address2" type="String" label="Address2" length="255" />
    <field name="MACCode" type="String" label="MAC Code" length="255" />
    <field name="City" type="String" label="City" length="255" />
    <field name="State" type="String" label="State" length="255" />
    <field name="ZipCode" type="String" label="Zip Code" length="255" />
    <field name="CSRScrubCompleted" type="String" label="CSR Scrub Completed" length="255" />
    <field name="Issuenotes" type="String" label="Issuenotes" length="255" />
    <field name="BRMGR" type="String" label="Brmgr" length="255" />
    <field name="MainPhone" type="String" label="Main Phone" length="255" />
    <field name="Br2ndContact" type="String" label="Br2nd Contact" length="255" />
    <field name="NumbersPortable" type="String" label="Numbers Portable" length="255" />
    <field name="NumberofDIDsNeeded" type="String" label="Numberof DI Ds Needed" length="255" />
    <field name="FAXAnalogFXSports" type="Double" label="FAX Analog FX Sports" />
    <field name="Paging911FXOports" type="Double" label="Paging 911FX Oports" />
    <field name="ClusterAlias" type="String" label="Cluster Alias" length="255" />
    <field name="ClusterBias" type="String" label="Cluster Bias" length="255" />
    <field name="PublisherIPAddress" type="String" label="Publisher IP Address" length="255" />
    <field name="PublisherName" type="String" label="Publisher Name" length="255" />
    <field name="Subscriber1IPAddress" type="String" label="Subscriber1 IP Address" length="255" />
    <field name="Subscriber1Name" type="String" label="Subscriber1 Name" length="255" />
    <field name="Subscriber2IPAddress" type="String" label="Subscriber2 IP Address" length="255" />
    <field name="Subscriber2Name" type="String" label="Subscriber2 Name" length="255" />
    <field name="TFTP1IPAddress" type="String" label="TFTP1IP Address" length="255" />
    <field name="TFTP1Name" type="String" label="TFTP1 Name" length="255" />
    <field name="TFTP2IPAddress" type="String" label="TFTP2IP Address" length="255" />
    <field name="TFTP2Name" type="String" label="TFTP2 Name" length="255" />
    <field name="UnityIPAddress" type="String" label="Unity IP Address" length="255" />
    <field name="UnityName" type="String" label="Unity Name" length="255" />
    <field name="MOHServerIPAddress" type="String" label="MOH Server IP Address" length="255" />
    <field name="SonusCSN" type="String" label="Sonus CSN" length="255" />
    <field name="SonusCallControlPlatform" type="String" label="Sonus Call Control Platform" length="255" />
    <field name="SonusSiteBias" type="String" label="Sonus Site Bias" length="255" />
    <field name="SonusELSTierMarket" type="String" label="Sonus ELS Tier Market" length="255" />
    <field name="SonusRCABBR" type="String" label="Sonus RCABBR" length="255" />
    <field name="SonusRCSTATE" type="String" label="Sonus RCSTATE" length="255" />
    <field name="SonusELSwCustProvided911Coverage" type="String" label="Sonus EL Sw Cust Provided911 Coverage" length="255" />
    <field name="CMPOrderfor911lines" type="String" label="CMP Order for911lines" length="255" />
    <field name="CMPOrderforAlarmlines" type="String" label="CMP Order for Alarmlines" length="255" />
    <field name="n911DetermineQty" type="String" label="911DetermineQty" length="255" />
    <field name="n911CarrierDueDate" type="DateTime" label="911CarrierDueDate" length="255" />
    <field name="n911MatrixRequest" type="String" label="911MatrixRequest" length="255" />
    <field name="DIDRangeDetermineNeed" type="String" label="DIDRangeDetermineNeed" length="255" />
    <field name="DIDRangeDetermineQty" type="String" label="DIDRangeDetermineQty" length="255" />
    <field name="DIDRangeCarrierDueDate" type="String" label="DID Range Carrier Due Date" length="255" />
    <field name="DIDRangeMatrixRequest" type="String" label="DIDRangeMatrixRequest" length="255" />
    <field name="MAC5" type="String" label="Mac5" length="255" />
    <field name="Floor" type="String" label="Floor" length="255" />
  </fields>
  <views>
    <view id="grid1" type="Form" commandId="command1" label="Telco Orders" access="Public">
      <headerText />
      <categories>
        <category id="c1" headerText="IPT" newColumn="true">
          <dataFields>
            <dataField fieldName="n911DetermineQty" textMode="Text" />
            <dataField fieldName="n911CarrierDueDate" textMode="Text" />
            <dataField fieldName="n911MatrixRequest" textMode="Text" />
            <dataField fieldName="DIDRangeDetermineNeed" textMode="Text" />
            <dataField fieldName="DIDRangeDetermineQty" textMode="Text" />
            <dataField fieldName="DIDRangeMatrixRequest" textMode="Text" />
            <dataField fieldName="SITE_ALIAS" textMode="Text" />
            <dataField fieldName="ID" hidden="true" />
          </dataFields>
        </category>
      </categories>
    </view>
  </views>
  <actions>
    <actionGroup id="ag1" scope="Grid">
      <action id="a1" commandName="Select" />
      <action id="a2" commandName="Edit" />
    </actionGroup>
    <actionGroup id="ag4" scope="ActionBar" headerText="Edit" flat="true">
      <action id="a1" whenKeySelected="true" commandName="Edit" cssClass="EditIcon" whenView="grid1" />
      <action causesValidation="false" id="a100" />
    </actionGroup>
    <actionGroup id="ag6" scope="ActionBar" headerText="Record">
      <action id="a1" whenLastCommandName="Edit" commandName="Update" />
      <action id="a2" whenLastCommandName="Edit" commandName="Cancel" />
      <action id="a3" whenLastCommandName="New" commandName="Insert" />
      <action id="a4" whenLastCommandName="New" commandName="Cancel" />
    </actionGroup>
    <actionGroup id="ag8" scope="Row">
      <action id="a4" whenLastCommandName="Edit" commandName="Update" />
      <action id="a5" whenLastCommandName="Edit" commandName="Cancel" />
      <action id="a6" whenLastCommandName="New" commandName="Insert" />
      <action id="a7" whenLastCommandName="New" commandName="Cancel" />
    </actionGroup>
  </actions>
</dataController>