﻿<?xml version="1.0" encoding="utf-8"?>
<dataController name="myEmptyControler" label="myEmptyControler" conflictDetection="overwriteChanges" xmlns="urn:schemas-codeontime-com:data-aquarium">
  <fields>
    <field name="Field1" type="String" allowNulls="false" label="Field 1" allowQBE="false" allowSorting="false" htmlEncode="false" hidden="false">
      <items letters="false" />
    </field>
    <field name="field2" type="String" allowNulls="false" label="field 2" allowQBE="false" allowSorting="false" htmlEncode="false" hidden="false">
      <items letters="false" />
    </field>
  </fields>
  <views>
    <view id="testform1" type="Form" label="testform 1">
      <categories>
        <category id="c1" headerText="my Empty Controler" newColumn="true">
          <dataFields>
            <dataField fieldName="Field1" rows="5" />
            <dataField fieldName="field2" rows="5" />
          </dataFields>
        </category>
      </categories>
    </view>
  </views>
</dataController>