﻿<?xml version="1.0" encoding="utf-8"?>
<dataController name="NSA_ORDER_STAGE" conflictDetection="overwriteChanges" label="NSA_ORDER_STAGE" xmlns="urn:schemas-codeontime-com:data-aquarium">
  <commands>
    <command id="command1" type="Text" custom="false">
      <text>
        <![CDATA[select distinct
   "nsa_master"."typename" "typename"
	 ,"nsa_master"."orderid" "orderid"
   ,"nsa_master"."SITE_CODE" "SITE_CODE"
	,"nsa_master"."ordernumber" "ordernumber"
	,"nsa_master"."Identifier" "Identifier"
	,"nsa_master"."orgentityid" "orgentityid"
  ,"nsa_master"."DATANETWORK" "DATANETWORK"
	,"nsa_master"."INVENTORYQUANTITY" "INVENTORYQUANTITY"
	,"nsa_master"."ITEMCONFIGURATIONNAME" "ITEMCONFIGURATIONNAME"
	,"nsa_master"."porgentityid" "porgentityid"
	,"nsa_master"."PSITE_CODE" "PSITE_CODE"
	,"nsa_master"."PMAC5" "PMAC5"
	,"nsa_master"."PADDRESS1" "PADDRESS1"
	,"nsa_master"."PADDRESS2" "PADDRESS2"
	,"nsa_master"."PCITY" "PCITY"
	,"nsa_master"."PSTATE" "PSTATE"
	,"nsa_master"."PCOUNTRY" "PCOUNTRY"
	,"nsa_master"."PPOSTALCODE" "PPOSTALCODE"
	,"nsa_master"."RECURRINGCOST" "RECURRINGCOST"
	,"nsa_master"."ONETIMECOST" "ONETIMECOST"
FROM   NSA_PROJECT_STAGE.dbo.NSA_master order by "nsa_master"."IDENTIFIER"]]></text>
    </command>
  </commands>
  <fields>
    <field name="typename" type="String" label="Typename" length="6" showInSummary="true" />
    <field name="orderid" type="String" allowNulls="false" isPrimaryKey="true" label="orderid" allowQBE="false" allowSorting="false" htmlEncode="false" hidden="true" length="4000"/>
    <field name="orgentityid" type="String" label="Orgentityid" length="4000" showInSummary="true" hidden="true" />
    <field name="Identifier" type="String" label="Identifier" length="4000" showInSummary="true" hidden="true" />
    <field name="ordernumber" type="String" label="ORDERNUMBER" length="4000" showInSummary="true" />
    <field name="DATANETWORK" type="String" label="Datanetwork" length="4000" hidden="true"/>
    <field name="SITE_CODE" type="String" label="Site Code" length="4000" showInSummary="true" hidden="true" />
    <field name="INVENTORYQUANTITY" type="String" label="Inventoryquantity" length="4000" />
    <field name="ITEMCONFIGURATIONNAME" type="String" label="Itemconfigurationname" length="4000" />
    <field name="porgentityid" type="String" label="Porgentityid" length="4000" hidden="true" />
    <field name="PSITE_CODE" type="String" label="Psite Code" length="4000" />
    <field name="PMAC5" type="String" label="Pmac5" length="4000" />
    <field name="PADDRESS1" type="String" label="Paddress1" length="4000" />
    <field name="PADDRESS2" type="String" label="Paddress2" length="4000" />
    <field name="PCITY" type="String" label="Pcity" length="4000" />
    <field name="PSTATE" type="String" label="Pstate" length="4000" />
    <field name="PCOUNTRY" type="String" label="Pcountry" length="4000" />
    <field name="PPOSTALCODE" type="String" label="Ppostalcode" length="4000" />
    <field name="RECURRINGCOST" type="String" label="Recurringcost" length="4000" />
    <field name="ONETIMECOST" type="String" label="Onetimecost" length="4000" />
  </fields>
  <views>
    <view id="grid1" type="Grid" commandId="command1" label="Orders">
      <headerText />
      <dataFields>
        <dataField fieldName="orgentityid" hidden="true" />
        <dataField fieldName="Identifier"/>
        <dataField fieldName="ordernumber" />
        <dataField fieldName="INVENTORYQUANTITY" />
        <dataField fieldName="ITEMCONFIGURATIONNAME" />
        <dataField fieldName="DATANETWORK" hidden="true"/>
        <dataField fieldName="PSITE_CODE" />
        <dataField fieldName="PMAC5" />
        <dataField fieldName="PADDRESS1" />
        <dataField fieldName="PADDRESS2" />
        <dataField fieldName="PCITY" />
        <dataField fieldName="PSTATE" />
        <dataField fieldName="PCOUNTRY" />
        <dataField fieldName="PPOSTALCODE" />
        <dataField fieldName="RECURRINGCOST" />
        <dataField fieldName="ONETIMECOST" />
      </dataFields>
    </view>
  </views>
  <actions>
    <actionGroup id="ag5" scope="ActionBar" headerText="Actions">
      <action id="a1" commandName="ExportCsv" />
      <action id="a2" />
      <action id="a3" commandName="ExportRowset" />
      <action id="a4" commandName="ExportRss" />
    </actionGroup>
  </actions>
</dataController>