﻿<?xml version="1.0" encoding="utf-8"?>
<dataController name="NSA_Field_Info1" label="NSA_Field_Info1" conflictDetection="overwriteChanges" xmlns="urn:schemas-codeontime-com:data-aquarium">
  <commands>
    <command id="command1" type="Text" custom="false">
      <text><![CDATA[select 
	"NSA_Field_Info"."ID" "ID"
	,"NSA_Field_Info"."FieldID" "FieldID"
	,"NSA_Field_Info"."fieldlabel" "ColumnName"
	,"NSA_Field_Info"."Active" "Active"
from  "NSA_Field_Info" "NSA_Field_Info" where "NSA_Field_Info"."Active"=1 order by "NSA_Field_Info"."ID" asc]]></text>
    </command>
  </commands>
  <fields>
    <field name="FieldID" type="String" label="Data Field" length="255" showInSummary="true" readOnly="true" />
    <field name="ID" type="Int32" allowNulls="false" isPrimaryKey="true" label="ID" allowQBE="false" allowSorting="false" htmlEncode="false" hidden="true" readOnly="true">
      <items letters="false" />
    </field>
    <field name="ColumnName" type="String" allowNulls="false" readOnly="true" label="Column Name" allowQBE="false" allowSorting="false" htmlEncode="false" hidden="false" length="255">
      <items letters="false" />
    </field>
    <field name="Active" type="Boolean" allowNulls="false" label="Active" allowQBE="false" allowSorting="false" htmlEncode="false" hidden="false">
      <items style="CheckBox" letters="false" />
    </field>
  </fields>
  <views>
    <view id="grid1" type="DataSheet" commandId="command1" label="NSA Field Info">
      <headerText />
      <dataFields>
        <dataField fieldName="ID" columns="15" hidden="true" />
        <dataField fieldName="FieldID" />
      </dataFields>
    </view>
  </views>
  <actions>
    <actionGroup id="ag1" scope="Grid">
      <action id="a1" commandName="Select" commandArgument="grid1" />
      <action id="a2" commandName="Edit" />
    </actionGroup>
    <actionGroup id="ag4" scope="ActionBar" headerText="Edit" flat="true">
      <action id="a1" whenKeySelected="true" commandName="Edit" commandArgument="grid1" cssClass="EditIcon" />
    </actionGroup>
    <actionGroup id="ag8" scope="Row">
      <action id="a4" whenLastCommandName="Edit" commandName="Update" />
      <action id="a5" whenLastCommandName="Edit" commandName="Cancel" />
      <action id="a6" whenLastCommandName="New" commandName="Insert" />
      <action id="a7" whenLastCommandName="New" commandName="Cancel" />
    </actionGroup>
  </actions>
</dataController>