﻿<?xml version="1.0" encoding="utf-8"?>
<dataController name="NSA_All_ITEMS" conflictDetection="overwriteChanges" label="NSA_All_ITEMS" xmlns="urn:schemas-codeontime-com:data-aquarium">
  <commands>
    <command id="command1" type="Text" custom="false">
      <text><![CDATA[SELECT  [ID]
      ,[TABLE_NAME]
      ,[Column_Name]
      ,[Comment]
      ,[Data_type]
      ,[Tag_for_Removal]
  FROM v_ALL_ITEMS]]></text>
    </command>
  </commands>
  <fields>
    <field name="Column_Name" type="String" label="Column Name" length="128" showInSummary="true" readOnly="true" />
    <field name="Data_type" type="String" label="Data type" readOnly="true" length="128" showInSummary="true" />
    <field name="Tag_for_Removal" type="Boolean" label="Tag for Removal" showInSummary="true" htmlEncode="false" hidden="false">
      <items style="CheckBox" letters="false" />
    </field>
    <field name="Comment" type="String" label="Comment" allowQBE="false" allowSorting="false" htmlEncode="false" hidden="false">
      <items letters="false" />
    </field>
    <field name="ID" type="UInt32" allowNulls="false" isPrimaryKey="true" readOnly="true" label="ID" allowQBE="false" allowSorting="false" htmlEncode="false" hidden="true">
      <items letters="false" />
    </field>
  </fields>
  <views>
    <view id="grid1" type="DataSheet" commandId="command1" label="NSA All Fields" sortExpression="Column_NAME asc">
      <headerText>Tag YES/NO to identify a COLUMN for removal. Add Comment to a column. NSA will use this list to identify column(s) to keep or to remove. Note: Column will not be deleted or dropped they will move along with their data to an archive table.</headerText>
      <dataFields>
        <dataField fieldName="Column_Name" columns="5" />
        <dataField fieldName="Tag_for_Removal" />
        <dataField fieldName="Comment" rows="3" textMode="Note" columns="3" />
        <dataField fieldName="Data_type" />
        <dataField fieldName="ID" columns="15" hidden="true" />
      </dataFields>
    </view>
  </views>
  <actions>
    <actionGroup id="ag5" scope="ActionBar" headerText="Actions">
      <action id="a1" commandName="ExportCsv" headerText="Export to Excel" />
    </actionGroup>
    <actionGroup id="ag1" scope="Grid">
      <action id="a1" commandName="Select" commandArgument="grid1" />
      <action id="a2" commandName="Edit" />
    </actionGroup>
    <actionGroup id="ag4" scope="ActionBar" headerText="Edit" flat="true">
      <action id="a1" whenKeySelected="true" commandName="Edit" commandArgument="grid1" cssClass="EditIcon" />
    </actionGroup>
    <actionGroup id="ag8" scope="Row">
      <action id="a4" whenLastCommandName="Edit" commandName="Update" />
      <action id="a5" whenLastCommandName="Edit" commandName="Cancel" />
      <action id="a6" whenLastCommandName="New" commandName="Insert" />
      <action id="a7" whenLastCommandName="New" commandName="Cancel" />
    </actionGroup>
  </actions>
</dataController>