﻿<?xml version="1.0" encoding="utf-8"?>
<dataController name="NSA_INVENTORY_EA" conflictDetection="overwriteChanges" label="NSA_INVENTORY_EA" xmlns="urn:schemas-codeontime-com:data-aquarium">
  <commands>
    <command id="command1" type="Text" custom="false">
      <text>
        <![CDATA[SELECT distinct
               "nsa_master"."ORGENTITYID",nsa_master.typename,"nsa_master"."SITE_CODE" "SITE_CODE",
               nsa_master.inventoryid, nsa_master.IDENTIFIER, nsa_master.EIPT_APPLICATION, 
               nsa_master.EIPT_CALL_CONTROL_PLATFORM, nsa_master.EIPT_CLUSTER, 
               nsa_master.EIPT_DEVICE_POOL, nsa_master.EIPT_SITE_ALIAS, nsa_master.EIPT_SITE_BIAS, 
               nsa_master.E911_CALL_ROUTING_PROFILE, nsa_master.E911_TECHNOLOGY_SOLUTION, 
               nsa_master.E911_ELIN, nsa_master.E911_ERL
FROM NSA_PROJECT_STAGE.dbo.nsa_master where inventoryid <>'' and typename = 'LINE'  order by "nsa_master"."IDENTIFIER"]]></text>
    </command>
  </commands>
  <fields>
    <field name="inventoryid" type="String" label="Inventoryid" length="4000" showInSummary="true" hidden="true" />
    <field name="typename" type="String" label="Typename" length="6" showInSummary="true" />
    <field name="SITE_CODE" type="String" label="Site Code" length="4000" showInSummary="true" hidden="true" />
    <field name="IDENTIFIER" type="String" label="Identifier" length="4000" showInSummary="true" hidden="true" allowNulls="false" isPrimaryKey="true" />
    <field name="EIPT_APPLICATION" type="String" label="Eipt Application" length="4000" showInSummary="true" />
    <field name="EIPT_CALL_CONTROL_PLATFORM" type="String" label="Eipt Call Control Platform" length="4000" showInSummary="true" />
    <field name="EIPT_CLUSTER" type="String" label="Eipt Cluster" length="4000" showInSummary="true" />
    <field name="EIPT_DEVICE_POOL" type="String" label="Eipt Device Pool" length="4000" />
    <field name="EIPT_SITE_ALIAS" type="String" label="Eipt Site Alias" length="4000" />
    <field name="EIPT_SITE_BIAS" type="String" label="Eipt Site Bias" length="4000" />
    <field name="E911_CALL_ROUTING_PROFILE" type="String" label="E911 Call Routing Profile" length="4000" />
    <field name="E911_TECHNOLOGY_SOLUTION" type="String" label="E911 Technology Solution" length="4000" />
    <field name="E911_ELIN" type="String" label="E911 Elin" length="4000" />
    <field name="E911_ERL" type="String" label="E911 Erl" length="4000" />
  </fields>
  <views>
    <view id="grid1" type="Grid" commandId="command1" label="Line Extended Attributes">
      <headerText />
      <dataFields>
             
        <dataField fieldName="IDENTIFIER" rows="5" />
        <dataField fieldName="EIPT_APPLICATION" />
        <dataField fieldName="EIPT_CALL_CONTROL_PLATFORM" />
        <dataField fieldName="EIPT_CLUSTER" />
        <dataField fieldName="EIPT_DEVICE_POOL" />
        <dataField fieldName="EIPT_SITE_ALIAS" />
        <dataField fieldName="EIPT_SITE_BIAS" />
        <dataField fieldName="E911_CALL_ROUTING_PROFILE" />
        <dataField fieldName="E911_TECHNOLOGY_SOLUTION" />
        <dataField fieldName="E911_ELIN" />
        <dataField fieldName="E911_ERL" />
      </dataFields>
    </view>
  </views>
  <actions>
    <actionGroup id="ag5" scope="ActionBar" headerText="Actions">
      <action id="a1" commandName="ExportCsv" />
      <action id="a2" />
      <action id="a3" commandName="ExportRowset" />
      <action id="a4" commandName="ExportRss" />
    </actionGroup>
  </actions>
</dataController>