﻿<?xml version="1.0" encoding="utf-8"?>
<dataController name="NSA_Address_InfoTemp" conflictDetection="overwriteChanges" label="NSA_Address_InfoTemp" xmlns="urn:schemas-codeontime-com:data-aquarium">
  <commands>
    <command id="command1" type="Text" custom="true">
      <text><![CDATA[select
	 "NSA_Address_Info"."ID" "ID"
	,"NSA_Address_Info"."SITE_ALIAS" "SITE_ALIAS"
	,"NSA_Address_Info"."WLAN Phase" "WLANPhase"
	,"NSA_Address_Info"."Fl Plan in SMS" "FlPlaninSMS"
	,"NSA_Address_Info"."WSSI/Monitor" "WSSIMonitor"
	,"NSA_Address_Info"."Partl Flr?" "PartlFlr"
              	,"NSA_Address_Info"."CPG EVENT" "CPGEVENT"
	,"NSA_Address_Info"."#Users" "Users"
	,"NSA_Address_Info"."#Devcs" "Devcs"
	,"NSA_Address_Info"."Config Cntr WLAN" "ConfigCntrWLAN"
	,"NSA_Address_Info"."Cntrllr1 Assgnmt" "Cntrllr1Assgnmt"
	,"NSA_Address_Info"."Cntrllr2 Assgnmt" "Cntrllr2Assgnmt"
	,"NSA_Address_Info"."WSSI Assgnmt" "WSSIAssgnmt"
	,"NSA_Address_Info"."Pre-Install Survey Date (If Required)" "PreInstallSurveyDateIfRequired"
	,"NSA_Address_Info"."WLAN Post Survey Compltn Date" "WLANPostSurveyCompltnDate"
	,"NSA_Address_Info"."Post Install Actual Date" "PostInstallActualDate"
	,"NSA_Address_Info"."Fax(analog) numbers" "Faxanalognumbers"
	,"NSA_Address_Info"."PF AU's" "PFAUs"
	,"NSA_Address_Info"."PF Branch Codes" "PFBranchCodes"
	,"NSA_Address_Info"."Branch POB" "BranchPOB"
	,"NSA_Address_Info"."Branch Server Name" "BranchServerName"
	,"NSA_Address_Info"."Pred Surv Tech" "PredSurvTech"
	,"NSA_Address_Info"."Priority" "Priority"
	,"NSA_Address_Info"."Sq Ft" "SqFt"
	,"NSA_Address_Info"."WLAN Flr(s)" "WLANFlrs"
	,"NSA_Address_Info"."WLAN 'Size'" "WLANSize"
	,"NSA_Address_Info"."# Phone Sets" "PhoneSets"
	,"NSA_Address_Info"."2921 RTR Reqd" "n2921RTRReqd"
	,"NSA_Address_Info"."3945 RTR Reqd" "n3945RTRReqd"
	,"NSA_Address_Info"."911 Line number" "n911Linenumber"
	,"NSA_Address_Info"."911 Port Assignments" "n911PortAssignments"
	,"NSA_Address_Info"."Ckt Extension Planned" "CktExtensionPlanned"
	,"NSA_Address_Info"."Ckt Ordered" "CktOrdered"
	,"NSA_Address_Info"."Ckt Reqstd Due" "CktReqstdDue"
	,"NSA_Address_Info"."Ckt Upg Lead Time" "CktUpgLeadTime"
	,"NSA_Address_Info"."CMP CTL order" "CMPCTLorder"
	,"NSA_Address_Info"."CMP Order # for 911 lines" "CMPOrderfor911lines"
	,"NSA_Address_Info"."CMP Order # for Alarm lines" "CMPOrderforAlarmlines"
	,"NSA_Address_Info"."CMP VZN Order" "CMPVZNOrder"
	,"NSA_Address_Info"."COI" "COI"
	,"NSA_Address_Info"."Conference bridge" "Conferencebridge"
	,"NSA_Address_Info"."Content Type" "ContentType"
	,"NSA_Address_Info"."Created" "Created"
	,"NSA_Address_Info"."Created By" "CreatedBy"
	,"NSA_Address_Info"."CSR Scrub Completed" "CSRScrubCompleted"
	,"NSA_Address_Info"."CTL Ckt Delvrd" "CTLCktDelvrd"
	,"NSA_Address_Info"."CTL FOC" "CTLFOC"
	,"NSA_Address_Info"."CTL New Ckt ID" "CTLNewCktID"
	,"NSA_Address_Info"."Demarc Lctn" "DemarcLctn"
	,"NSA_Address_Info"."DID Numbers (New)" "DIDNumbersNew"
	,"NSA_Address_Info"."DID numbers porting" "DIDnumbersporting"
	,"NSA_Address_Info"."DID Range Carrier Due Date" "DIDRangeCarrierDueDate"
	,"NSA_Address_Info"."DNS domain name" "DNSdomainname"
	,"NSA_Address_Info"."EM-HDA-6FXO" "EMHDA6FXO"
	,"NSA_Address_Info"."EPTS-ORC#" "EPTSORC"
	,"NSA_Address_Info"."EVM-HD-8FXS/DID" "EVMHD8FXSDID"
	,"NSA_Address_Info"."FXO port for 911" "FXOportfor911"
	,"NSA_Address_Info"."FXO port for paging" "FXOportforpaging"
	,"NSA_Address_Info"."Hardware Benched" "HardwareBenched"
	,"NSA_Address_Info"."Hardware Shipped" "HardwareShipped"
	,"NSA_Address_Info"."Hostname/IP Domain-Name (DNS Name)" "HostnameIPDomainNameDNSName"
	,"NSA_Address_Info"."Internal Dialing" "InternalDialing"
	,"NSA_Address_Info"."IPT Net Eng" "IPTNetEng"
	,"NSA_Address_Info"."IPT Net Scrub" "IPTNetScrub"
	,"NSA_Address_Info"."IPT T&T Date" "IPTTTDate"
	,"NSA_Address_Info"."Loopback 1 address" "Loopback1address"
	,"NSA_Address_Info"."Module slot (forEVM/FXS)" "ModuleslotforEVMFXS"
	,"NSA_Address_Info"."Numbers Portable?" "NumbersPortable"
	,"NSA_Address_Info"."Paging" "Paging"
	,"NSA_Address_Info"."Part of E911 Project?" "PartofE911Project"
	,"NSA_Address_Info"."Port Assignments (Analog)" "PortAssignmentsAnalog"
	,"NSA_Address_Info"."PVDM3-32=" "PVDM332"
	,"NSA_Address_Info"."PVDM3-64=" "PVDM364"
	,"NSA_Address_Info"."REFRESH Type" "REFRESHType"
	,"NSA_Address_Info"."RTR Proj Phoenix?" "RTRProjPhoenix"
	,"NSA_Address_Info"."Sites Completed" "SitesCompleted"
	,"NSA_Address_Info"."SL-29-UC-K9=" "SL29UCK9"
	,"NSA_Address_Info"."SL-39-UC-K9=" "SL39UCK9"
	,"NSA_Address_Info"."SM-NM-ADPTR" "SMNMADPTR"
	,"NSA_Address_Info"."SM-X-1T3/E3" "SMX1T3E3"
	,"NSA_Address_Info"."Sonus RC STATE" "SonusRCSTATE"
	,"NSA_Address_Info"."Sonus Site Bias" "SonusSiteBias"
	,"NSA_Address_Info"."SW Proj Phoenix?" "SWProjPhoenix"
	,"NSA_Address_Info"."VG224/EVM/FXS-FXO" "VG224EVMFXSFXO"
	,"NSA_Address_Info"."VIC2-4FXO" "VIC24FXO"
	,"NSA_Address_Info"."VIC3-4FXS/DID" "VIC34FXSDID"
	,"NSA_Address_Info"."Voice Info complete" "VoiceInfocomplete"
	,"NSA_Address_Info"."VWIC3-4MFT-T1/E1" "VWIC34MFTT1E1"
	,"NSA_Address_Info"."VZN Ckt Delvrd" "VZNCktDelvrd"
	,"NSA_Address_Info"."VZN FOC" "VZNFOC"
	,"NSA_Address_Info"."Item Type" "ItemType"
	,"NSA_Address_Info"."Pred Survey Req" "PredSurveyReq"
	,"NSA_Address_Info"."BOM Posted" "BOMPosted"
	,"NSA_Address_Info"."WLAN BOM Required" "WLANBOMRequired"
	,"NSA_Address_Info"."Switch BOM Required" "SwitchBOMRequired"
	,"NSA_Address_Info"."IPT Hardware Type" "IPTHardwareType"
from "dbo"."NSA_Address_Info" "NSA_Address_Info"]]></text>
    </command>
  </commands>
  <fields>
    <field name="ID" type="Int32" allowNulls="false" isPrimaryKey="true" label="Id" readOnly="true" />
    <field name="SITE_ALIAS" type="String" label="Site Alias" length="255" showInSummary="true" />
    <field name="WLANPhase" type="String" label="WLAN Phase" length="255" showInSummary="true" />
    <field name="FlPlaninSMS" type="String" label="Fl Planin SMS" length="255" showInSummary="true" />
    <field name="WSSIMonitor" type="String" label="WSSI Monitor" length="255" showInSummary="true" />
    <field name="PartlFlr" type="String" label="Partl Flr" length="255" showInSummary="true" />
    <field name="CPGEVENT" type="String" label="Cpgevent" length="255" />
    <field name="Users" type="String" label="Users" length="255" />
    <field name="Devcs" type="Double" label="Devcs" />
    <field name="ConfigCntrWLAN" type="String" label="Config Cntr WLAN" length="255" />
    <field name="Cntrllr1Assgnmt" type="String" label="Cntrllr1 Assgnmt" length="255" />
    <field name="Cntrllr2Assgnmt" type="String" label="Cntrllr2 Assgnmt" length="255" />
    <field name="WSSIAssgnmt" type="String" label="WSSI Assgnmt" length="255" />
    <field name="PreInstallSurveyDateIfRequired" type="String" label="Pre Install Survey Date If Required" length="255" />
    <field name="WLANPostSurveyCompltnDate" type="String" label="WLAN Post Survey Compltn Date" length="255" />
    <field name="PostInstallActualDate" type="String" label="Post Install Actual Date" length="255" />
    <field name="Faxanalognumbers" type="String" label="Faxanalognumbers" length="255" />
    <field name="PFAUs" type="String" label="PFA Us" length="255" />
    <field name="PFBranchCodes" type="String" label="PF Branch Codes" length="255" />
    <field name="BranchPOB" type="String" label="Branch POB" length="255" />
    <field name="BranchServerName" type="String" label="Branch Server Name" length="255" />
    <field name="PredSurvTech" type="String" label="Pred Surv Tech" length="255" />
    <field name="Priority" type="String" label="Priority" length="255" />
    <field name="SqFt" type="String" label="Sq Ft" length="255" />
    <field name="WLANFlrs" type="String" label="WLAN Flrs" length="255" />
    <field name="WLANSize" type="String" label="WLAN Size" length="255" />
    <field name="PhoneSets" type="Double" label="Phone Sets" />
    <field name="n2921RTRReqd" type="Double" label="n2921 RTR Reqd" />
    <field name="n3945RTRReqd" type="String" label="n3945 RTR Reqd" length="255" />
    <field name="n911Linenumber" type="String" label="n911 Linenumber" length="255" />
    <field name="n911PortAssignments" type="String" label="n911 Port Assignments" length="255" />
    <field name="CktExtensionPlanned" type="String" label="Ckt Extension Planned" length="255" />
    <field name="CktOrdered" type="String" label="Ckt Ordered" length="255" />
    <field name="CktReqstdDue" type="String" label="Ckt Reqstd Due" length="255" />
    <field name="CktUpgLeadTime" type="String" label="Ckt Upg Lead Time" length="255" />
    <field name="CMPCTLorder" type="String" label="CMPCT Lorder" length="255" />
    <field name="CMPOrderfor911lines" type="String" label="CMP Orderfor911lines" length="255" />
    <field name="CMPOrderforAlarmlines" type="String" label="CMP Orderfor Alarmlines" length="255" />
    <field name="CMPVZNOrder" type="String" label="CMPVZN Order" length="255" />
    <field name="COI" type="String" label="Coi" length="255" />
    <field name="Conferencebridge" type="String" label="Conferencebridge" length="255" />
    <field name="ContentType" type="String" label="Content Type" length="255" />
    <field name="Created" type="DateTime" label="Created" />
    <field name="CreatedBy" type="String" label="Created By" length="255" />
    <field name="CSRScrubCompleted" type="String" label="CSR Scrub Completed" length="255" />
    <field name="CTLCktDelvrd" type="String" label="CTL Ckt Delvrd" length="255" />
    <field name="CTLFOC" type="String" label="Ctlfoc" length="255" />
    <field name="CTLNewCktID" type="String" label="CTL New Ckt#" length="255" />
    <field name="DemarcLctn" type="String" label="Demarc Lctn" length="255" />
    <field name="DIDNumbersNew" type="String" label="DID Numbers New" length="255" />
    <field name="DIDnumbersporting" type="String" label="DI Dnumbersporting" length="255" />
    <field name="DIDRangeCarrierDueDate" type="String" label="DID Range Carrier Due Date" length="255" />
    <field name="DNSdomainname" type="String" label="DN Sdomainname" length="255" />
    <field name="EMHDA6FXO" type="String" label="Emhda6fxo" length="255" />
    <field name="EPTSORC" type="String" label="Eptsorc" length="255" />
    <field name="EVMHD8FXSDID" type="String" label="Evmhd8fxsdid" length="255" />
    <field name="FXOportfor911" type="String" label="FX Oportfor911" length="255" />
    <field name="FXOportforpaging" type="String" label="FX Oportforpaging" length="255" />
    <field name="HardwareBenched" type="Boolean" label="Hardware Benched" />
    <field name="HardwareShipped" type="Boolean" label="Hardware Shipped" />
    <field name="HostnameIPDomainNameDNSName" type="String" label="Hostname IP Domain Name DNS Name" length="255" />
    <field name="InternalDialing" type="String" label="Internal Dialing" length="255" />
    <field name="IPTNetEng" type="String" label="IPT Net Eng" length="255" />
    <field name="IPTNetScrub" type="String" label="IPT Net Scrub" length="255" />
    <field name="IPTTTDate" type="String" label="IPTTT Date" length="255" />
    <field name="Loopback1address" type="String" label="Loopback1address" length="255" />
    <field name="ModuleslotforEVMFXS" type="String" label="Moduleslotfor EVMFXS" length="255" />
    <field name="NumbersPortable" type="String" label="Numbers Portable" length="255" />
    <field name="Paging" type="String" label="Paging" length="255" />
    <field name="PartofE911Project" type="String" label="Partof E911 Project" length="255" />
    <field name="PortAssignmentsAnalog" type="String" label="Port Assignments Analog" length="255" />
    <field name="PVDM332" type="String" label="PVDM3-32=" length="255" />
    <field name="PVDM364" type="String" label="PVDM3-64=" length="255" />
    <field name="REFRESHType" type="String" label="REFRESH Type" length="255" />
    <field name="RTRProjPhoenix" type="String" label="RTR Proj Phoenix" length="255" />
    <field name="SitesCompleted" type="Boolean" label="Sites Completed" />
    <field name="SL29UCK9" type="String" label="SL-29-UCK9" length="255" />
    <field name="SL39UCK9" type="String" label="SL-39-UCK9" length="255" />
    <field name="SMNMADPTR" type="String" label="Smnmadptr" length="255" />
    <field name="SMX1T3E3" type="String" label="Smx1t3e3" length="255" />
    <field name="SonusRCSTATE" type="String" label="Sonus RCSTATE" length="255" />
    <field name="SonusSiteBias" type="String" label="Sonus Site Bias" length="255" />
    <field name="SWProjPhoenix" type="String" label="SW Proj Phoenix" length="255" />
    <field name="VG224EVMFXSFXO" type="String" label="Vg224evmfxsfxo" length="255" />
    <field name="VIC24FXO" type="String" label="Vic24fxo" length="255" />
    <field name="VIC34FXSDID" type="String" label="Vic34fxsdid" length="255" />
    <field name="VoiceInfocomplete" type="Boolean" allowNulls="false" label="Voice Infocomplete" />
    <field name="VWIC34MFTT1E1" type="String" label="Vwic34mftt1e1" length="255" />
    <field name="VZNCktDelvrd" type="String" label="VZN Ckt Delvrd" length="255" />
    <field name="VZNFOC" type="String" label="Vznfoc" length="255" />
    <field name="ItemType" type="String" label="Item Type" length="255" />
    <field name="PredSurveyReq" type="String" label="Pred Survey Req" length="10" />
    <field name="BOMPosted" type="String" label="BOM Posted" length="10" />
    <field name="WLANBOMRequired" type="String" label="WLANBOM Required" length="10" />
    <field name="SwitchBOMRequired" type="String" label="Switch BOM Required" length="10" />
    <field name="IPTHardwareType" type="String" label="IPT Hardware Type" length="255" />
  </fields>
  <views>
    <view id="grid1" type="Form" commandId="command1" label="NSA Misc Information">
      <headerText />
      <categories>
        <category id="c1" headerText="Section1" newColumn="true">
          <dataFields>
            <dataField fieldName="SITE_ALIAS" />
            <dataField fieldName="FlPlaninSMS" />
            <dataField fieldName="PartlFlr" />
            <dataField fieldName="CPGEVENT" />
            <dataField fieldName="Users" />
            <dataField fieldName="Devcs" columns="15" />
            <dataField fieldName="ConfigCntrWLAN" />
            <dataField fieldName="Cntrllr1Assgnmt" />
            <dataField fieldName="Cntrllr2Assgnmt" />
            <dataField fieldName="ID" hidden="true" />
          </dataFields>
        </category>
        <category id="c2" headerText="Section2" collapsed="true">
          <dataFields>
            <dataField fieldName="IPTHardwareType" />
            <dataField fieldName="SwitchBOMRequired" columns="10" />
            <dataField fieldName="WLANBOMRequired" columns="10" />
            <dataField fieldName="BOMPosted" columns="10" />
            <dataField fieldName="PredSurveyReq" columns="10" />
            <dataField fieldName="ItemType" />
            <dataField fieldName="VZNFOC" />
            <dataField fieldName="VZNCktDelvrd" />
            <dataField fieldName="VWIC34MFTT1E1" />
            <dataField fieldName="VIC34FXSDID" />
          </dataFields>
        </category>
        <category id="c3" headerText="Section3" collapsed="true">
          <dataFields>
            <dataField fieldName="SMNMADPTR" />
            <dataField fieldName="SL39UCK9" />
            <dataField fieldName="SL29UCK9" />
          </dataFields>
        </category>
        <category id="c4" headerText="Section4" collapsed="true">
          <dataFields>
            <dataField fieldName="SitesCompleted" />
            <dataField fieldName="REFRESHType" />
            <dataField fieldName="PartofE911Project" />
          </dataFields>
        </category>
        <category id="c6" headerText="Section6" collapsed="true" newColumn="true">
          <dataFields>
            <dataField fieldName="DIDRangeCarrierDueDate" />
            <dataField fieldName="DemarcLctn" />
            <dataField fieldName="CTLNewCktID" />
            <dataField fieldName="CTLFOC" />
            <dataField fieldName="CTLCktDelvrd" />
            <dataField fieldName="CreatedBy" />
            <dataField fieldName="Created" columns="10" />
            <dataField fieldName="ContentType" />
          </dataFields>
        </category>
        <category id="c7" headerText="Section7" collapsed="true" newColumn="true">
          <dataFields>
            <dataField fieldName="COI" />
            <dataField fieldName="CMPVZNOrder" />
            <dataField fieldName="CMPCTLorder" />
            <dataField fieldName="CktUpgLeadTime" />
            <dataField fieldName="CktReqstdDue" />
            <dataField fieldName="CktOrdered" />
            <dataField fieldName="CktExtensionPlanned" />
            <dataField fieldName="n3945RTRReqd" />
            <dataField fieldName="n2921RTRReqd" columns="15" />
            <dataField fieldName="WLANSize" />
            <dataField fieldName="WLANFlrs" />
            <dataField fieldName="SqFt" />
          </dataFields>
        </category>
        <category id="c8" headerText="Section8" collapsed="true" newColumn="true">
          <dataFields>
            <dataField fieldName="Priority" />
            <dataField fieldName="PredSurvTech" />
            <dataField fieldName="BranchServerName" />
            <dataField fieldName="BranchPOB" />
            <dataField fieldName="PFBranchCodes" />
            <dataField fieldName="PFAUs" />
            <dataField fieldName="PostInstallActualDate" />
            <dataField fieldName="WLANPostSurveyCompltnDate" />
            <dataField fieldName="PreInstallSurveyDateIfRequired" />
          </dataFields>
        </category>
      </categories>
    </view>
  </views>
  <actions>
    <actionGroup id="ag1" scope="Grid">
      <action id="a1" commandName="Select" commandArgument="grid1" />
      <action id="a2" commandName="Edit" />
    </actionGroup>
    <actionGroup id="ag2" scope="Form">
      <action id="a1" commandName="Edit" />
      <action id="a3" commandName="Cancel" />
      <action id="a4" whenLastCommandName="Edit" commandName="Update" />
      <action id="a6" whenLastCommandName="Edit" commandName="Cancel" />
      <action id="a7" whenLastCommandName="New" commandName="Insert" />
      <action id="a8" whenLastCommandName="New" commandName="Cancel" />
      <action id="a13" whenLastCommandName="Insert" commandName="Select" commandArgument="editForm1" whenKeySelected="true" whenClientScript="this.get_hasDetails()" />
    </actionGroup>
    <actionGroup id="ag4" scope="ActionBar" headerText="Edit" flat="true">
      <action id="a1" whenKeySelected="true" commandName="Edit" commandArgument="grid1" cssClass="EditIcon" />
    </actionGroup>
    <actionGroup id="ag6" scope="ActionBar" headerText="Record">
      <action id="a1" whenLastCommandName="Edit" commandName="Update" />
      <action id="a2" whenLastCommandName="Edit" commandName="Cancel" />
      <action id="a3" whenLastCommandName="New" commandName="Insert" />
      <action id="a4" whenLastCommandName="New" commandName="Cancel" />
    </actionGroup>
    <actionGroup id="ag8" scope="Row">
      <action id="a4" whenLastCommandName="Edit" commandName="Update" />
      <action id="a5" whenLastCommandName="Edit" commandName="Cancel" />
      <action id="a6" whenLastCommandName="New" commandName="Insert" />
      <action id="a7" whenLastCommandName="New" commandName="Cancel" />
    </actionGroup>
  </actions>
</dataController>