﻿<?xml version="1.0" encoding="utf-8"?>
<dataController name="NSA_Projects" conflictDetection="overwriteChanges" label="NSA_Projects" xmlns="urn:schemas-codeontime-com:data-aquarium">
  <commands>
    <command id="command1" type="Text" custom="true">
      <text><![CDATA[select
	"NSA_Projects"."ProjectId" "ProjectId"
	,"NSA_Projects"."ProjectName" "ProjectName"
	,"NSA_Projects"."ProjectOwner" "ProjectOwner"
	,"group"."groupname" "groupgroupname"
	,"NSA_Projects"."Description" "Description"
from NSAV2."dbo"."NSA_Projects" "NSA_Projects"
left join NSAV2."dbo"."NSA_Groups" "group" on "NSA_Projects"."ProjectOwner" = "group"."groupid"
]]></text>
    </command>
  </commands>
  <fields>
    <field name="ProjectId" type="Int32" isPrimaryKey="true" label="Project#" readOnly="true" />
    <field name="ProjectName" type="String" label="Project Name" length="256" showInSummary="true" />
    <field name="Description" type="String" label="Description" length="256" showInSummary="true" />
    <field name="ProjectOwner" type="Int32" label="Project Owner" showInSummary="true" hidden="true" />
    <field name="groupgroupname" type="String" label="Groupgroupname" length="256" showInSummary="true" />
  </fields>
  <views>
    <view id="grid1" type="Grid" commandId="command1" label="NSA Projects">
      <headerText>$DefaultGridViewDescription</headerText>
      <dataFields>
        <dataField fieldName="ProjectId" columns="15" hyperlinkFormatString="/pages/NSA_Address_Info.aspx?p={ProjectId}" aliasFieldName="ProjectName" />
        <dataField fieldName="Description" />
      </dataFields>
    </view>
  </views>
  <actions />
</dataController>