﻿<?xml version="1.0" encoding="utf-8"?>
<dataController name="NSA_ORDER_Equipment" label="NSA_ORDER_Equipment" conflictDetection="overwriteChanges" xmlns="urn:schemas-codeontime-com:data-aquarium">
  <commands>
    <command id="command1" type="Text" custom="true">
      <text>
    <![CDATA[select distinct 
	 "nsa_master"."orderid" "orderid"
	,"nsa_master"."requestid" "requestid"
	,"nsa_master"."orgentityid" "orgentityid"
  ,"nsa_master"."SITE_CODE" "SITE_CODE"
	,"nsa_master"."inventoryid" "inventoryid"
  ,nsa_master."DATANETWORK" "DATANETWORK"
	,"nsa_master"."REQUESTNUMBER" "REQUESTNUMBER"
	,"nsa_master"."ordernumber" "ordernumber"
  ,"nsa_master"."IDENTIFIER" "IDENTIFIER"
	,"nsa_master"."EQUIPMENT" "EQUIPMENT"
	,"nsa_master"."MANUFACTURER" "MANUFACTURER"
	,"nsa_master"."MODEL" "MODEL"
	,"nsa_master"."EQUIPMENT_TYPE" "EQUIPMENT_TYPE"
	,"nsa_master"."INTERFACENAME" "INTERFACENAME"
	,"NSA_master"."INTERFACE_DESCRIPTION" "INTERFACE_DESCRIPTION"
FROM   NSA_PROJECT_STAGE.dbo.NSA_master where  nsa_master.typename='CIRCUIT']]></text>
    </command>
  </commands>
  <fields>
    <field name="orderid" type="String" allowNulls="false" isPrimaryKey="true" label="orderid" allowQBE="false" allowSorting="false" htmlEncode="false" hidden="true" length="4000">
      <items letters="false" />
    </field>
    <field name="SITE_CODE" type="String" label="Site Code" length="4000" showInSummary="true" hidden="true" />
    <field name="requestid" type="String" label="Requestid" length="4000" showInSummary="true" hidden="true" />
     <field name="DATANETWORK" type="String" label="Datanetwork" length="4000" />
    <field name="orgentityid" type="String" label="Orgentityid" length="4000" showInSummary="true" hidden="true" />
    <field name="inventoryid" type="String" label="Inventoryid" length="4000" showInSummary="true" hidden="true" />
    <field name="REQUESTNUMBER" type="String" label="Requestnumber" length="4000" showInSummary="true" hidden="true" />
    <field name="ordernumber" type="String" label="ORDERNUMBER" length="4000"  hidden="true" />
    <field name="IDENTIFIER" type="String" label="IDENTIFIER" length="4000" showInSummary="true" />
    <field name="EQUIPMENT" type="String" label="Equipment" length="4000" />
    <field name="MANUFACTURER" type="String" label="Manufacturer" length="4000" />
    <field name="MODEL" type="String" label="Model" length="4000" />
    <field name="EQUIPMENT_TYPE" type="String" label="Equipment Type" length="4000" />
    <field name="INTERFACENAME" type="String" label="Interfacename" length="4000" />
    <field name="INTERFACE_DESCRIPTION" type="String" allowQBE="false" allowSorting="false" label="Interface Description" length="8000" />
  </fields>
  <views>
    <view id="grid1" type="Grid" commandId="command1" label="Equipments" sortExpression="IDENTIFIER ASC">
      <headerText />
      <dataFields>
        <dataField fieldName="IDENTIFIER"  />
        <dataField fieldName="EQUIPMENT" />
        <dataField fieldName="MANUFACTURER" />
        <dataField fieldName="DATANETWORK" hidden="true"/>
        <dataField fieldName="MODEL" />
        <dataField fieldName="EQUIPMENT_TYPE" />
        <dataField fieldName="INTERFACENAME" />
        <dataField fieldName="INTERFACE_DESCRIPTION" rows="5" />
      </dataFields>
    </view>
  </views>
  <actions>
    <actionGroup id="ag5" scope="ActionBar" headerText="Actions">
      <action id="a1" commandName="ExportCsv" />
      <action id="a2" />
      <action id="a3" commandName="ExportRowset" />
      <action id="a4" commandName="ExportRss" />
    </actionGroup>
  </actions>
</dataController>