﻿<?xml version="1.0" encoding="utf-8"?>
<dataController name="NSA_PROJECT_EA" conflictDetection="overwriteChanges" label="NSA_PROJECT_EA" xmlns="urn:schemas-codeontime-com:data-aquarium">
  <commands>
    <command id="command1" type="Text" custom="true">
      <text>
        <![CDATA[SELECT distinct 
         NSA_MASTER.IDENTIFIER
         ,NSA_MASTER.DataNetwork
         ,NSA_Project_Attribute.attribname, 
         NSA_Project_Attribute.attribid,
         NSA_MASTER.ORGENTITYID
 FROM  NSA_PROJECT_STAGE.dbo.NSA_MASTER LEFT OUTER JOIN
               NSA_PROJECT_STAGE.dbo.NSA_Project_Attribute ON 
               NSA_PROJECT_STAGE.dbo.NSA_MASTER.ORGENTITYID = NSA_PROJECT_STAGE.dbo.NSA_Project_Attribute.orgentityid]]></text>
    </command>
  
  </commands>
  <fields>
    <field name="attribid" type="Int32" hidden="true" allowNulls="false" isPrimaryKey="true" label="Attribid" readOnly="true" />
    <field name="DATANETWORK" type="String" label="Datanetwork" length="4000" />
    <field name="identifier" type="String"  allowSorting="true" label="Identifier" />
   <field name="attribname" type="String" allowQBE="true" hidden="false" allowSorting="true" length="100" label="Attribute" />
    <field name="orgentityid" type="String" allowQBE="true" hidden="false" allowSorting="true" length="100" label="orgentityid" />
   </fields>
  <views>
    <view id="grid1" type="Grid" commandId="command1" label="Project Attributes">
      <headerText />
      <dataFields>
         <dataField fieldName="attribid"  hidden="true"/>
        <dataField fieldName="orgentityid"  />
        <dataField fieldName="DATANETWORK" hidden="true"/>
        <dataField fieldName="identifier"  />
        <dataField fieldName="attribname"  />

      </dataFields>
    </view>
  </views>
  <actions>
  </actions>
</dataController>