﻿<?xml version="1.0" encoding="utf-8"?>
<dataController name="NSA_Site_MAC_Floor" conflictDetection="overwriteChanges" label="NSA_Site_MAC_Floor" xmlns="urn:schemas-codeontime-com:data-aquarium">
  <commands>
    <command id="command1" type="Text" custom="false">
      <text><![CDATA[select
	"NSA_Site_MAC_Floor"."ID" "ID"
	,"NSA_Site_MAC_Floor"."ORAID" "ORAID"
	,"NSA_Site_MAC_Floor"."SITE_ALIAS" "SITE_ALIAS"
	,"NSA_Site_MAC_Floor"."MAC" "MAC"
	,"NSA_Site_MAC_Floor"."MAC_STATUS" "MAC_STATUS"
	,"NSA_Site_MAC_Floor"."OPENDATE" "OPENDATE"
	,"NSA_Site_MAC_Floor"."CLOSEDATE" "CLOSEDATE"
	,"NSA_Site_MAC_Floor"."Floor" "Floor"
                ,"NSA_Site_MAC_Floor"."IncludeInProject" "IncludeInProject"
                ,"NSA_Site_MAC_Floor"."WLANInclude" "WLANInclude"
                ,"NSA_Site_MAC_Floor"."SiteReadinessInclude" "SiteReadinessInclude"
                ,"NSA_Site_MAC_Floor"."IPTInclude" "IPTInclude"
from "dbo"."NSA_Site_MAC_Floor" "NSA_Site_MAC_Floor"
]]></text>
    </command>
  </commands>
  <fields>
    <field name="ID" type="Int32" allowNulls="false" label="Id" showInSummary="true" hidden="true" isPrimaryKey="true" />
    <field name="ORAID" type="Int32" label="Oraid" showInSummary="true" hidden="true" />
    <field name="SITE_ALIAS" type="String" label="Site Alias" length="255" showInSummary="true" />
    <field name="MAC" type="String" label="Mac" length="255" showInSummary="true" />
    <field name="MAC_STATUS" type="String" label="Mac Status" length="255" showInSummary="true" />
    <field name="OPENDATE" type="String" label="Opendate" length="255" />
    <field name="CLOSEDATE" type="String" label="Closedate" length="255" />
    <field name="Floor" type="String" label="Floor" length="255" />
    <field name="IncludeInProject" type="Boolean" label="Include In Project" length="50" allowNulls="false">
      <items style="CheckBox" />
    </field>
    <field name="WLANInclude" type="Boolean" label="WLAN Include" length="10" allowNulls="false">
      <items style="CheckBox" />
    </field>
    <field name="SiteReadinessInclude" type="Boolean" label="Site Readiness Include" length="10" allowNulls="false">
      <items style="CheckBox" />
    </field>
    <field name="IPTInclude" type="Boolean" label="IPT Include" length="10" allowNulls="false">
      <items style="CheckBox" />
    </field>
  </fields>
  <views>
    <view id="grid1" type="Grid" commandId="command1" label="NSA Site MAC Floor" access="Public">
      <headerText />
      <dataFields>
        <dataField fieldName="ID" columns="15" hidden="true" readOnly="true" />
        <dataField fieldName="ORAID" columns="15" hidden="true" readOnly="true" />
        <dataField fieldName="SITE_ALIAS" readOnly="true" />
        <dataField fieldName="MAC" readOnly="true" />
        <dataField fieldName="Floor" readOnly="true" />
        <dataField fieldName="MAC_STATUS" readOnly="true" />
        <dataField fieldName="OPENDATE" readOnly="true" />
        <dataField fieldName="CLOSEDATE" readOnly="true" />
        <dataField fieldName="IncludeInProject" columns="50" />
        <dataField fieldName="WLANInclude" columns="10" />
        <dataField fieldName="SiteReadinessInclude" columns="10" />
        <dataField fieldName="IPTInclude" columns="10" />
      </dataFields>
    </view>
  </views>
  <actions>
    <actionGroup id="ag1" scope="Grid">
      <action id="a1" commandName="Select" />
      <action id="a2" commandName="Edit" />
    </actionGroup>
    <actionGroup id="ag8" scope="Row">
      <action id="a4" whenLastCommandName="Edit" commandName="Update" />
      <action id="a5" whenLastCommandName="Edit" commandName="Cancel" />
      <action id="a6" whenLastCommandName="New" commandName="Insert" />
      <action id="a7" whenLastCommandName="New" commandName="Cancel" />
    </actionGroup>
    <actionGroup id="ag4" scope="ActionBar" headerText="Edit" flat="true">
      <action id="a1" whenKeySelected="true" commandName="Edit" cssClass="EditIcon" />
    </actionGroup>
    <actionGroup id="ag6" scope="ActionBar" headerText="Record">
      <action id="a1" whenLastCommandName="Edit" commandName="Update" />
      <action id="a2" whenLastCommandName="Edit" commandName="Cancel" />
      <action id="a3" whenLastCommandName="New" commandName="Insert" />
      <action id="a4" whenLastCommandName="New" commandName="Cancel" />
    </actionGroup>
  </actions>
</dataController>