﻿<?xml version="1.0" encoding="utf-8"?>
<dataController name="NSA_REQUEST_STAGE" conflictDetection="overwriteChanges" label="NSA_REQUEST_STAGE" xmlns="urn:schemas-codeontime-com:data-aquarium">
  <commands>
    <command id="command1" type="Text" custom="false">
      <text>
        <![CDATA[select 
   distinct "nsa_master"."typename" "typename"
  ,"nsa_master"."DATANETWORK" "DATANETWORK"
  ,"nsa_master"."requestid" "requestid"
	,"nsa_master"."orgentityid" "orgentityid"
	,"nsa_master"."inventoryid" "inventoryid"
	,"nsa_master"."SITE_CODE" "SITE_CODE"
	,"nsa_master"."Identifier" "Identifier"
	,isnull("nsa_master"."MAC5",'') "MAC5"
	,isnull("nsa_master"."REQUESTNUMBER",'') "REQUESTNUMBER"
	,"nsa_master"."REQUESTDESCRIPTION" "REQUESTDESCRIPTION"
	,"nsa_master"."REQUESTSTATUS" "REQUESTSTATUS"
	,"nsa_master"."REQUESTDATE"  "REQUESTDATE"
	,"nsa_master"."REQUEST_SOURCE" "REQUEST_SOURCE"
	,"nsa_master"."TICKETNUMBER" "TICKETNUMBER"
	,"nsa_master"."PONUMBER" "PONUMBER"
	,"nsa_master"."PROJECTID" "PROJECTID"
	,"nsa_master"."CREATIONDATE"  "CREATIONDATE"
	,"nsa_master"."CREATE_FNAME" "CREATE_FNAME"
	,"nsa_master"."CREATE_LNAME" "CREATE_LNAME"
	,"nsa_master"."REQST_FNAME" "REQST_FNAME"
	,"nsa_master"."REQST_LNAME" "REQST_LNAME"
	,"nsa_master"."ACTIVITY" "ACTIVITY"
	,"nsa_master"."REQUESTTEMPLATENAME" "REQUESTTEMPLATENAME"
FROM  NSA_PROJECT_STAGE.dbo.nsa_master  order by "nsa_master"."IDENTIFIER"]]></text>
    </command>
  </commands>
  <fields>
    <field name="typename" type="String" label="Typename" length="6" showInSummary="true" />
    <field name="DATANETWORK" type="String" label="Datanetwork" length="4000" />
    <field name="requestid" type="String" label="Requestid" length="4000" showInSummary="true" allowNulls="false" isPrimaryKey="true" hidden="true" />
    <field name="orgentityid" type="String" label="Orgentityid" length="4000" showInSummary="true" hidden="true" />
    <field name="inventoryid" type="String" label="Inventoryid" length="4000" showInSummary="true" hidden="true" />
    <field name="SITE_CODE" type="String" label="Site Code" length="4000" showInSummary="true" hidden="true" />
    <field name="Identifier" type="String" label="Identifier" length="4000" showInSummary="true" />
    <field name="MAC5" type="String" label="Mac5" length="4000" hidden="true"/>
    <field name="REQUESTNUMBER" type="String" label="Requestnumber" length="4000" />
    <field name="REQUESTDESCRIPTION" type="String" label="Requestdescription" length="4000" />
    <field name="REQUESTSTATUS" type="String" label="Requeststatus" length="4000" />
    <field name="REQUESTDATE" type="DateTime" label="Requestdate"  />
    <field name="REQUEST_SOURCE" type="String" label="Request Source" length="4000" />
    <field name="TICKETNUMBER" type="String" label="Ticketnumber" length="4000" />
    <field name="PONUMBER" type="String" label="Ponumber" length="4000" />
    <field name="PROJECTID" type="String" label="Projectid" length="4000" />
    <field name="CREATIONDATE" type="DateTime" label="Creationdate" />
    <field name="CREATE_FNAME" type="String" label="Create Fname" length="4000" />
    <field name="CREATE_LNAME" type="String" label="Create Lname" length="4000" />
    <field name="REQST_FNAME" type="String" label="Reqst Fname" length="4000" />
    <field name="REQST_LNAME" type="String" label="Reqst Lname" length="4000" />
    <field name="ACTIVITY" type="String" label="Activity" length="4000" />
    <field name="REQUESTTEMPLATENAME" type="String" label="Requesttemplatename" length="4000" />
  </fields>
  <views>
    <view id="grid1" type="Grid" commandId="command1" label="Requests">
      <headerText />
      <dataFields>
        <dataField fieldName="requestid" hidden="true" />
        <dataField fieldName="orgentityid" hidden="true" />
        <dataField fieldName="inventoryid" hidden="true" />
        <dataField fieldName="SITE_CODE" hidden="true" />
        <dataField fieldName="Identifier" />
        <dataField fieldName="MAC5" hidden="true"/>
        <dataField fieldName="REQUESTNUMBER" />
        <dataField fieldName="REQUESTDESCRIPTION" />
        <dataField fieldName="REQUESTSTATUS" />
        <dataField fieldName="REQUESTDATE" />
        <dataField fieldName="REQUEST_SOURCE" />
        <dataField fieldName="TICKETNUMBER" />
        <dataField fieldName="PONUMBER" />
        <dataField fieldName="PROJECTID" />
        <dataField fieldName="CREATIONDATE" />
        <dataField fieldName="CREATE_FNAME" />
        <dataField fieldName="CREATE_LNAME" />
        <dataField fieldName="REQST_FNAME" />
        <dataField fieldName="REQST_LNAME" />
        <dataField fieldName="ACTIVITY" />
        <dataField fieldName="REQUESTTEMPLATENAME" />
      </dataFields>
    </view>
  </views>
  <actions>
  
    <actionGroup id="ag5" scope="ActionBar" headerText="Actions">
      <action id="a1" commandName="ExportCsv" />
    </actionGroup>
   
  </actions>
</dataController>