﻿<?xml version="1.0" encoding="utf-8"?>
<dataController name="NSA_INVENTORY_STAGE" conflictDetection="overwriteChanges" label="NSA_INVENTORY_STAGE" xmlns="urn:schemas-codeontime-com:data-aquarium">
  <commands>
    <command id="command1" type="Text" custom="false">
      <text>
    <![CDATA[select
	 distinct "nsa_master"."typename" "typename2"
   ,"nsa_master"."typename" "typename"
	,"nsa_master"."orgentityid" "orgentityid"
	,"nsa_master"."inventoryid" "inventoryid"
	,"nsa_master"."SITE_CODE" "SITE_CODE"
  ,"nsa_master"."SITE_CODE" "SITE_ALIAS"
	,"nsa_master"."MAC5" "MAC5"
	,"nsa_master"."IDENTIFIER" "IDENTIFIER"
	,"nsa_master"."INV_STATUS" "INV_STATUS"
	,"nsa_master"."CLASSOFSERVICE" "CLASSOFSERVICE"
	,"nsa_master"."DATANETWORK" "DATANETWORK"
  ,"nsa_master"."SPEED" "SPEED"
	,"nsa_master"."CARRIER" "CARRIER"
	,"nsa_master"."INV_DESCRIPTION" "INV_DESCRIPTION"
	,"nsa_master"."APPLICATION" "APPLICATION"
	,CAST("nsa_master"."INSTALLDATE" AS DATE) "INSTALLDATE"
	,CAST("nsa_master"."DISCONNECTDATE" AS DATE) "DISCONNECTDATE"
	,"nsa_master"."PRIORITY" "PRIORITY"
FROM NSA_PROJECT_STAGE.dbo.nsa_master order by "nsa_master"."IDENTIFIER"]]></text>
    </command>
  </commands>
  <fields>
    <field name="typename" type="String" label="Typename" length="6" showInSummary="true" />
    <field name="typename2" type="String" label="Typename" length="6" showInSummary="true" />
    <field name="inventoryid" type="String" label="Inventoryid" length="4000" showInSummary="true" allowNulls="false" isPrimaryKey="true" />
    <field name="orgentityid" type="String" label="Orgentityid" length="4000" showInSummary="true" />
    <field name="SITE_CODE" type="String" label="Site Code" length="4000" showInSummary="true" />
    <field name="SITE_ALIAS" type="String" label="SITE_ALIAS" length="255" showInSummary="true" />
    <field name="MAC5" type="String" label="Mac5" length="4000" showInSummary="true" />
    <field name="IDENTIFIER" type="String" label="Identifier" length="4000" />
    <field name="INV_STATUS" type="String" label="Inv Status" length="4000" />
    <field name="CLASSOFSERVICE" type="String" label="Classofservice" length="4000" />
    <field name="DATANETWORK" type="String" label="Datanetwork" length="4000" />
    <field name="SPEED" type="String" label="Speed" length="4000" />
    <field name="CARRIER" type="String" label="Carrier" length="4000" />
    <field name="INV_DESCRIPTION" type="String" label="Inv Description" length="4000" />
    <field name="APPLICATION" type="String" label="Application" length="4000" />
    <field name="INSTALLDATE" type="DateTime" label="Installdate"/>
    <field name="DISCONNECTDATE" type="DateTime" label="Disconnectdate"  />
    <field name="PRIORITY" type="String" label="Priority" length="4000" />
  </fields>
  <views>
    <view id="grid1" type="Grid" commandId="command1" label="Inventory" >
      <headerText />
      <dataFields>
        <dataField fieldName="typename" />
        <dataField fieldName="orgentityid" hidden="true"/>
        <dataField fieldName="inventoryid" hidden="true"/>
        <dataField fieldName="SITE_CODE" hidden="true"/>
        <dataField fieldName="MAC5"/>
        <dataField fieldName="IDENTIFIER" />
        <dataField fieldName="INV_STATUS" />
        <dataField fieldName="CLASSOFSERVICE" />
        <dataField fieldName="DATANETWORK" />
        <dataField fieldName="SPEED" />
        <dataField fieldName="CARRIER" />
        <dataField fieldName="INV_DESCRIPTION" />
        <dataField fieldName="APPLICATION" />
        <dataField fieldName="INSTALLDATE" />
        <dataField fieldName="DISCONNECTDATE" />
        <dataField fieldName="PRIORITY" />
      </dataFields>
    </view>
  </views>
  <actions>
   </actions>
</dataController>