﻿<?xml version="1.0" encoding="utf-8"?>
<dataController name="NsaAuditInfo" conflictDetection="overwriteChanges" label="Audit Report" xmlns="urn:schemas-codeontime-com:data-aquarium">
  <commands>
    <command id="command1" type="Text">
      <text><![CDATA[
select
	"NSA_Address_Info"."ID" "ID"
	,"NSA_History2"."DataElement" "NsaHistory2dataelement"
	,"NSA_History2"."OriginalDate" "NsaHistory2originaldate"
	,"NSA_History2"."ChangedDate" "NsaHistory2changeddate"
	,"NSA_History2"."UpdateUser" "NsaHistory2updateuser"
	,"NSA_History2"."Previous" "NsaHistory2previous"
	,"NSA_History2"."New" "NsaHistory2new"
	,"NSA_Address_Info"."SITE_ALIAS" "SiteAlias"
	,"NSA_Address_Info"."Address 1" "Address1"
	,"NSA_Address_Info"."Address 2" "Address2"
	,"NSA_Address_Info"."City" "City"
	,"NSA_Address_Info"."State" "State"
	,"NSA_Address_Info"."BranchID" "BranchID"
from "dbo"."NSA_Address_Info" "NSA_Address_Info"
	inner join "dbo"."NSA_History" "NSA_History2" on "NSA_Address_Info"."ID" = "NSA_History2"."ID"
]]></text>
    </command>
    <command id="IDIdentityCommand" type="Text" event="Inserted">
      <text><![CDATA[select @@identity]]></text>
      <output>
        <fieldOutput fieldName="ID" />
      </output>
    </command>
  </commands>
  <fields>
    <field name="ID" type="Int32" allowNulls="false" isPrimaryKey="true" label="ID" readOnly="true" />
    <field name="NsaHistory2dataelement" type="String" readOnly="true"  label="Data Element" />
    <field name="NsaHistory2originaldate" type="DateTime" readOnly="true" dataFormatString="g" label="Original Date" />
    <field name="NsaHistory2changeddate" type="DateTime" readOnly="true" dataFormatString="g" label="Changed Date" />
    <field name="NsaHistory2updateuser" type="String" readOnly="true"  label="Update User" />
    <field name="NsaHistory2previous" type="String" readOnly="true"  label="Previous Value" />
    <field name="NsaHistory2new" type="String" readOnly="true"  label="New Value" />
    <field name="SiteAlias" type="String" label="Site Alias" length="255" showInSummary="true" />
    <field name="Address1" type="String" label="Address 1" length="2000" showInSummary="true" />
    <field name="Address2" type="String"  label="Address 2" length="2000" showInSummary="true" />
    <field name="City" type="String"  label="City" length="2000" showInSummary="true" />
    <field name="State" type="String"  label="State" length="2000" showInSummary="true" />
    <field name="BranchID" type="String"  label="Branch #" length="2000" />
  </fields>
  <views>
    <view id="grid1" type="DataSheet" commandId="command1" label="Audit Report">
      <headerText />
      <dataFields>
        <dataField fieldName="SiteAlias" />
        <dataField fieldName="BranchID" rows="5" />
        <dataField fieldName="Address1" rows="5" />
        <dataField fieldName="Address2" rows="5" />
        <dataField fieldName="City" rows="5" />
        <dataField fieldName="State" rows="5" />
        <dataField fieldName="NsaHistory2dataelement" rows="5" />
        <dataField fieldName="NsaHistory2originaldate" columns="10" />
        <dataField fieldName="NsaHistory2changeddate" columns="10" />
        <dataField fieldName="NsaHistory2updateuser" rows="5" />
        <dataField fieldName="NsaHistory2previous" rows="5" />
        <dataField fieldName="NsaHistory2new" rows="5" />
      </dataFields>
    </view>
  </views>
  <actions>
    <actionGroup id="ag5" scope="ActionBar" headerText="Actions">
      <action id="a1" commandName="ExportCsv" headerText="Export to Excel" />
      <action id="a2" />
    </actionGroup>
  </actions>
</dataController>