﻿<?xml version="1.0" encoding="utf-8"?>
<dataController name="NSAFilter" conflictDetection="overwriteChanges" label="NSA Filter" xmlns="urn:schemas-codeontime-com:data-aquarium">
  <commands>
    <command id="command1" type="Text">
      <text><![CDATA[
select
	"NSAFilter"."Filter Name" "FilterName"
	,"NSAFilter"."Filter Description" "FilterDescription"
	,"NSAFilter"."Filter" "Filter"
	,"NSAFilter"."UserID" "UserID"
from "dbo"."NSAFilter" "NSAFilter"
]]></text>
    </command>
  </commands>
  <fields>
    <field name="FilterName" type="String" allowNulls="false" isPrimaryKey="true" label="Filter Name" length="50" showInSummary="true" />
    <field name="FilterDescription" type="String" allowQBE="false" allowSorting="false" label="Filter Description" length="-1" showInSummary="true" />
    <field name="Filter" type="String" allowQBE="false" allowSorting="false" label="Filter" length="-1" showInSummary="true" />
    <field name="UserID" type="String" label="User#" length="50" showInSummary="true" />
  </fields>
  <views>
    <view id="grid1" type="Grid" commandId="command1" label="NSA Filter">
      <headerText>$DefaultGridViewDescription</headerText>
      <dataFields>
        <dataField fieldName="FilterName" columns="50" />
        <dataField fieldName="Filter" rows="5" />
        <dataField fieldName="FilterDescription" rows="5" />
        <dataField fieldName="UserID" columns="50" />
      </dataFields>
    </view>
  </views>
  <actions>
    <actionGroup id="ag1" scope="Grid">
      <action id="a1" commandName="Select" commandArgument="editForm1" />
      <action id="a2" commandName="Edit" />
    </actionGroup>
    <actionGroup id="ag2" scope="Form">
      <action id="a1" commandName="Edit" />
      <action id="a3" commandName="Cancel" />
      <action id="a4" whenLastCommandName="Edit" commandName="Update" />
      <action id="a6" whenLastCommandName="Edit" commandName="Cancel" />
      <action id="a7" whenLastCommandName="New" commandName="Insert" />
      <action id="a8" whenLastCommandName="New" commandName="Cancel" />
      <action id="a13" whenLastCommandName="Insert" commandName="Select" commandArgument="editForm1" whenKeySelected="true" whenClientScript="this.get_hasDetails()" />
    </actionGroup>
    <actionGroup id="ag4" scope="ActionBar" headerText="Edit" flat="true">
      <action id="a1" whenKeySelected="true" commandName="Edit" commandArgument="editForm1" cssClass="EditIcon" />
    </actionGroup>
    <actionGroup id="ag6" scope="ActionBar" headerText="Record">
      <action id="a1" whenLastCommandName="Edit" commandName="Update" />
      <action id="a2" whenLastCommandName="Edit" commandName="Cancel" />
      <action id="a3" whenLastCommandName="New" commandName="Insert" />
      <action id="a4" whenLastCommandName="New" commandName="Cancel" />
    </actionGroup>
    <actionGroup id="ag8" scope="Row">
      <action id="a4" whenLastCommandName="Edit" commandName="Update" />
      <action id="a5" whenLastCommandName="Edit" commandName="Cancel" />
      <action id="a6" whenLastCommandName="New" commandName="Insert" />
      <action id="a7" whenLastCommandName="New" commandName="Cancel" />
    </actionGroup>
  </actions>
</dataController>