﻿<?xml version="1.0" encoding="utf-8"?>
<dataController name="SiteNotes" conflictDetection="overwriteChanges" label="Site Notes" xmlns="urn:schemas-codeontime-com:data-aquarium">
  <commands>
    <command id="command1" type="Text">
      <text><![CDATA[select
	"NSA_Address_Info"."ID" "ID"
	,"NSA_Address_Info"."SITE_ALIAS" "SITE_ALIAS"
	,"NSA_Address_Info"."Site Notes" "SiteNotes"
from "dbo"."NSA_Address_Info" "NSA_Address_Info"
]]></text>
    </command>
    <command id="IDIdentityCommand" type="Text" event="Inserted">
      <text><![CDATA[select @@identity]]></text>
      <output>
        <fieldOutput fieldName="ID" />
      </output>
    </command>
  </commands>
  <fields>
    <field name="ID" type="Int32" allowNulls="false" isPrimaryKey="true" label="Id" readOnly="true" />
    <field name="SITE_ALIAS" type="String" label="Site Alias" length="255" hidden="true" />
    <field name="SiteNotes" type="String" label="Project Site Notes" showInSummary="true" length="2000" />
  </fields>
  <views>
    <view id="editForm1" type="Form" commandId="command1" label="Project Site Notes">
      <headerText />
      <categories>
        <category id="c1" newColumn="true">
          <description />
          <dataFields>
            <dataField fieldName="SITE_ALIAS" hidden="true" />
            <dataField fieldName="SiteNotes" textMode="Text" rows="6" columns="100" />
            <dataField fieldName="ID" hidden="true" />
          </dataFields>
        </category>
      </categories>
    </view>
  </views>
  <actions>
    <actionGroup id="ag1" scope="Grid">
      <action id="a1" commandName="Select" commandArgument="editForm1" />
      <action id="a2" commandName="Edit" />
    </actionGroup>
    <actionGroup id="ag2" scope="Form">
      <action id="a1" commandName="Edit" />
      <action id="a3" commandName="Cancel" />
      <action id="a4" whenLastCommandName="Edit" commandName="Update" />
      <action id="a6" whenLastCommandName="Edit" commandName="Cancel" />
      <action id="a7" whenLastCommandName="New" commandName="Insert" />
      <action id="a8" whenLastCommandName="New" commandName="Cancel" />
      <action id="a13" whenLastCommandName="Insert" commandName="Select" commandArgument="editForm1" whenKeySelected="true" whenClientScript="this.get_hasDetails()" />
    </actionGroup>
    <actionGroup id="ag4" scope="ActionBar" headerText="Edit" flat="true">
      <action id="a1" whenKeySelected="true" commandName="Edit" commandArgument="editForm1" cssClass="EditIcon" />
    </actionGroup>
    <actionGroup id="ag6" scope="ActionBar" headerText="Record">
      <action id="a1" whenLastCommandName="Edit" commandName="Update" />
      <action id="a2" whenLastCommandName="Edit" commandName="Cancel" />
      <action id="a3" whenLastCommandName="New" commandName="Insert" />
      <action id="a4" whenLastCommandName="New" commandName="Cancel" />
    </actionGroup>
    <actionGroup id="ag8" scope="Row">
      <action id="a4" whenLastCommandName="Edit" commandName="Update" />
      <action id="a5" whenLastCommandName="Edit" commandName="Cancel" />
      <action id="a6" whenLastCommandName="New" commandName="Insert" />
      <action id="a7" whenLastCommandName="New" commandName="Cancel" />
    </actionGroup>
  </actions>
</dataController>