﻿<?xml version="1.0" encoding="utf-8"?>
<dataController name="WF_SITE_INFO" conflictDetection="overwriteChanges" label="Wf Site Info" xmlns="urn:schemas-codeontime-com:data-aquarium">
  <commands>
    <command id="command1" type="Text">
      <text><![CDATA[select
	"NSA_Address_Info"."ID" "ID"
	,"NSA_Address_Info"."SITE_ALIAS" "SITE_ALIAS"
	,"NSA_Address_Info"."Region_New" "Region_New"
	,"NSA_Address_Info"."Major Market" "MajorMarket"
	,"NSA_Address_Info"."Complex" "Complex"
	,"NSA_Address_Info"."Main Branch" "MainBranch"
	,"NSA_Address_Info"."BranchID" "BranchID"
	,"NSA_Address_Info"."Branch Name" "BranchName"
	,"NSA_Address_Info"."BR MGR" "BRMGR"
	,"NSA_Address_Info"."BSA" "BSA"
	,"NSA_Address_Info"."COI" "COI"
	,"NSA_Address_Info"."Landlord" "Landlord"
	,"NSA_Address_Info"."Landlord Primary Contact" "LandlordPrimaryContact"
	,"NSA_Address_Info"."Landlord Phone" "LandlordPhone"
	,"NSA_Address_Info"."Landlord Fax" "LandlordFax"
	,"NSA_Address_Info"."Landlord Email" "LandlordEmail"
	,"NSA_Address_Info"."NEW AU" "NEWAU"
	,"NSA_Address_Info"."Fax(analog) numbers" "FaxNumber"
	,"NSA_Address_Info"."Toll Free Number" "TollFreeNumber"
	,"NSA_Address_Info"."Main Phone#" "MainPhone"
	,"NSA_Address_Info"."WLAN Phase" "WLANPhase"
	,"NSA_Address_Info"."Br 2nd Contact" "Br2ndContact"
	,"NSA_Address_Info"."Br 2nd Contact Number" "Br2ndContactNumber"
                ,"NSA_Address_Info"."IPT Phase" "IPTPhase"
	,"NSA_Address_Info"."Floor" "Floor"
from "dbo"."NSA_Address_Info" "NSA_Address_Info"]]></text>
    </command>
  </commands>
  <fields>
    <field name="ID" type="Int32" allowNulls="false" isPrimaryKey="true" label="Id" readOnly="true" />
    <field name="SITE_ALIAS" type="String" label="Site Alias" length="255" readOnly="true" />
    <field name="Region_New" type="String" label="Region New" length="255" showInSummary="true" />
    <field name="MajorMarket" type="String" label="Major Market" length="255" showInSummary="true"  />
    <field name="Complex" type="String" label="Complex" length="255" showInSummary="true" />
    <field name="MainBranch" type="String" label="Main Branch" length="255" />
    <field name="BranchID" type="String" label="Branch#" length="255" />
    <field name="BranchName" type="String" label="Branch Name" length="255"  />
    <field name="BRMGR" type="String" label="Branch Mgr" length="40"  />
    <field name="BSA" type="String" label="BSA" length="255"  />
    <field name="NEWAU" type="String" label="New AU" length="255" />
    <field name="Faxnumber" type="String" label="Faxnumber" length="255"  />
    <field name="TollFreeNumber" type="String" label="Toll Free Number" length="255"  />
    <field name="MainPhone" type="String" label="Main Phone" length="255"  />
    <field name="WLANPhase" type="String" label="WLAN Phase" length="255" />
    <field name="IPTPhase" type="String" label="IPT Phase" length="255">
      <items style="Lookup" dataController="IPT_Phase" dataView="grid1" dataValueField="IPTPhase" />
    </field>
    <field name="Floor" type="String" label="Floor" length="255" readOnly="true" />
    <field name="Br2ndContact" type="String" label="Br2ndContact" allowQBE="false" allowSorting="false" htmlEncode="false" hidden="false" length="50">
      <items letters="false" />
    </field>
    <field name="Br2ndContactNumber" type="String" label="Br2ndContactNumber" allowQBE="false" allowSorting="false" htmlEncode="false" hidden="false" length="20">
      <items letters="false" />
    </field>
    <field name="COI" type="String" label="COI" allowQBE="false" allowSorting="false" htmlEncode="false" hidden="false" length="255">
      <items letters="false" />
    </field>
    <field name="Landlord" type="String" label="Landlord" allowQBE="false" allowSorting="false" htmlEncode="false" hidden="false" length="255">
      <items letters="false" />
    </field>
    <field name="LandlordPrimaryContact" type="String" label="Landlord Primary Contact" allowQBE="false" allowSorting="false" htmlEncode="false" hidden="false" length="255">
      <items letters="false" />
    </field>
    <field name="LandlordPhone" type="String" label="Landlord Phone" allowQBE="false" allowSorting="false" htmlEncode="false" hidden="false" length="255">
      <items letters="false" />
    </field>
    <field name="LandlordFax" type="String" label="Landlord Fax" allowQBE="false" allowSorting="false" htmlEncode="false" hidden="false" length="255">
      <items letters="false" />
    </field>
    <field name="LandlordEmail" type="String" label="Landlord Email" allowQBE="false" allowSorting="false" htmlEncode="false" hidden="false" length="255">
      <items letters="false" />
    </field>
  </fields>
  <views>
    <view id="editForm1" type="Form" commandId="command1" label="WFA Branch Information">
      <headerText />
      <categories>
        <category headerText="Contact" id="c4" newColumn="true">
          <description><![CDATA[Read/Write]]></description>
          <dataFields>
            <dataField fieldName="Faxnumber" columns="20" />
            <dataField fieldName="TollFreeNumber" columns="20" />
            <dataField fieldName="MainPhone" columns="20" />
            <dataField fieldName="Floor" columns="5" />
            <dataField fieldName="Br2ndContact" columns="25" />
            <dataField fieldName="Br2ndContactNumber" columns="25" />
          </dataFields>
        </category>
        <category headerText="Branch" id="c3" newColumn="true">
          <description><![CDATA[Read/Write]]></description>
          <dataFields>
            <dataField fieldName="BranchID"  />
            <dataField fieldName="BranchName"  />
            <dataField fieldName="BRMGR"  columns="15" />
            <dataField fieldName="BSA"  />
            <dataField fieldName="NEWAU" />
          </dataFields>
        </category>
        <category headerText="Certificate of Insurance" id="c1">
          <description><![CDATA[Read/Write]]></description>
          <dataFields>
            <dataField fieldName="COI" columns="25" />
            <dataField fieldName="Landlord" columns="25" />
            <dataField fieldName="LandlordPrimaryContact" columns="25" />
            <dataField fieldName="LandlordPhone" columns="25" />
            <dataField fieldName="LandlordFax" columns="25" />
            <dataField fieldName="LandlordEmail" columns="25" />
          </dataFields>
        </category>
        <category headerText="Branch Region" id="c2" newColumn="true">
          <description><![CDATA[Read/Write]]></description>
          <dataFields>
            <dataField fieldName="Region_New"  />
            <dataField fieldName="MajorMarket" />
            <dataField fieldName="Complex" />
            <dataField fieldName="MainBranch"  />
            <dataField fieldName="SITE_ALIAS" />
            <dataField fieldName="ID" hidden="true" />
          </dataFields>
        </category>
      </categories>
    </view>
  </views>
  <actions>
    <actionGroup id="ag1" scope="Grid">
      <action id="a1" commandName="Select" commandArgument="editForm1" />
      <action id="a2" commandName="Edit" />
    </actionGroup>
    <actionGroup id="ag2" scope="Form">
      <action id="a1" commandName="Edit" />
      <action id="a3" commandName="Cancel" />
      <action id="a4" whenLastCommandName="Edit" commandName="Update" />
      <action id="a6" whenLastCommandName="Edit" commandName="Cancel" />
      <action id="a7" whenLastCommandName="New" commandName="Insert" />
      <action id="a8" whenLastCommandName="New" commandName="Cancel" />
      <action id="a13" whenLastCommandName="Insert" commandName="Select" commandArgument="editForm1" whenKeySelected="true" whenClientScript="this.get_hasDetails()" />
    </actionGroup>
    <actionGroup id="ag4" scope="ActionBar" headerText="Edit" flat="true">
      <action id="a1" whenKeySelected="true" commandName="Edit" commandArgument="editForm1" cssClass="EditIcon" />
    </actionGroup>
    <actionGroup id="ag6" scope="ActionBar" headerText="Record">
      <action id="a1" whenLastCommandName="Edit" commandName="Update" />
      <action id="a2" whenLastCommandName="Edit" commandName="Cancel" />
      <action id="a3" whenLastCommandName="New" commandName="Insert" />
      <action id="a4" whenLastCommandName="New" commandName="Cancel" />
    </actionGroup>
    <actionGroup id="ag8" scope="Row">
      <action id="a4" whenLastCommandName="Edit" commandName="Update" />
      <action id="a5" whenLastCommandName="Edit" commandName="Cancel" />
      <action id="a6" whenLastCommandName="New" commandName="Insert" />
      <action id="a7" whenLastCommandName="New" commandName="Cancel" />
    </actionGroup>
  </actions>
</dataController>