﻿<?xml version="1.0" encoding="utf-8"?>
<dataController name="WLAN1" label="WLAN1" conflictDetection="overwriteChanges" xmlns="urn:schemas-codeontime-com:data-aquarium">
  <commands>
    <command id="command1" type="Text">
      <text><![CDATA[
select
	"WLAN"."SITE_ALIAS" "SITE_ALIAS"
	,"WLAN"."ID" "ID"
	,"WLAN"."WLAN Net-Eng" "WLANNetEng"
	,"WLAN"."EUC Regn" "EUCRegn"
	,"WLAN"."EUC Coordinator" "EUCCoordinator"
	,"WLAN"."WLAN Deploy" "WLANDeploy"
	,"WLAN"."Router Name" "RouterName"
	,"WLAN"."Switch Name" "SwitchName"
	,"WLAN"."Switch Model" "SwitchModel"
	,"WLAN"."Switch Cpcty (Ports Avlb)" "SwitchCpctyPortsAvlb"
	,"WLAN"."Switch ADD" "SwitchADD"
	,"WLAN"."Cntrllr Type" "CntrllrType"
	,"WLAN"."Switch Refr?" "SwitchRefr"
	,"WLAN"."Pwr Injs Rqrd" "PwrInjsRqrd"
	,"WLAN"."WLAN BOM posted" "WLANBOMposted"
	,"WLAN"."MAC Code" "MACCode"
	,"WLAN"."MAC" "MAC"
	,"WLAN"."Floor" "Floor"
from "dbo"."WLAN" "WLAN"
]]></text>
    </command>
    <command id="IDIdentityCommand" type="Text" event="Inserted">
      <text><![CDATA[select @@identity]]></text>
      <output>
        <fieldOutput fieldName="ID" />
      </output>
    </command>
  </commands>
  <fields>
    <field name="SITE_ALIAS" type="String" isPrimaryKey="true" label="Site Alias" length="255" showInSummary="true" />
    <field name="ID" type="Int32" allowNulls="false" label="Id" readOnly="true" showInSummary="true" />
    <field name="WLANNetEng" type="String" label="WLAN Net Eng" length="255" showInSummary="true">
      <items style="Lookup" dataController="WLAN_NET_ENG" dataView="grid1" />
    </field>
    <field name="EUCRegn" type="String" label="EUC Regn" length="255" showInSummary="true">
      <items style="Lookup" dataController="EUC_REGION" dataView="grid1" />
    </field>
    <field name="EUCCoordinator" type="String" label="EUC Coordinator" length="255" showInSummary="true">
      <items style="Lookup" dataController="EUC_COORD" dataView="grid1" />
    </field>
    <field name="WLANDeploy" type="String" label="WLAN Deploy" length="255">
      <items style="Lookup" dataController="WLAN_DEPLOY" dataView="grid1" />
    </field>
    <field name="RouterName" type="String" label="Router Name" length="255">
      <items style="Lookup" dataController="Router" dataView="grid1" />
    </field>
    <field name="SwitchName" type="String" label="Switch Name" length="255">
      <items style="Lookup" dataController="SWITCH_NAME" dataView="grid1" />
    </field>
    <field name="SwitchModel" type="String" label="Switch Model" length="255">
      <items style="Lookup" dataController="SWITCH_MODEL" dataView="grid1" />
    </field>
    <field name="SwitchCpctyPortsAvlb" type="String" label="Switch Cpcty Ports Avlb" length="255" />
    <field name="SwitchADD" type="String" label="Switch ADD" length="255" />
    <field name="CntrllrType" type="String" label="Cntrllr Type" length="255">
      <items style="Lookup" dataController="CONTROL_TYPE" dataView="grid1" />
    </field>
    <field name="SwitchRefr" type="String" label="Switch Refr" length="255">
      <items style="Lookup" dataController="SWITCH_REF" dataView="grid1" />
    </field>
    <field name="PwrInjsRqrd" type="Double" label="Pwr Injs Rqrd">
      <items style="Lookup" dataController="POWER_INJ" dataView="grid1" />
    </field>
    <field name="WLANBOMposted" type="DateTime" label="WLANBO Mposted" />
    <field name="MACCode" type="String" label="MAC Code" length="255" />
    <field name="MAC" type="String" label="Mac" length="255" />
    <field name="Floor" type="String" label="Floor" length="255" />
  </fields>
  <views>
    <view id="editForm1" type="Form" commandId="command1" label="Review Wlan">
      <headerText>$DefaultEditViewDescription</headerText>
      <categories>
        <category headerText="BOM" id="c2" newColumn="true">
          <dataFields>
            <dataField fieldName="WLANNetEng" />
            <dataField fieldName="EUCRegn" />
            <dataField fieldName="EUCCoordinator" />
            <dataField fieldName="WLANDeploy" />
          </dataFields>
        </category>
        <category id="c3" newColumn="true">
          <dataFields>
            <dataField fieldName="RouterName" />
            <dataField fieldName="SwitchName" />
            <dataField fieldName="SwitchModel" />
            <dataField fieldName="SwitchCpctyPortsAvlb" />
            <dataField fieldName="SwitchRefr" />
            <dataField fieldName="SwitchADD" />
            <dataField fieldName="CntrllrType" />
          </dataFields>
        </category>
        <category id="c1" newColumn="true">
          <description />
          <dataFields>
            <dataField fieldName="SITE_ALIAS" hidden="true" />
            <dataField fieldName="ID" columns="15" hidden="true" />
            <dataField fieldName="PwrInjsRqrd" columns="15" />
            <dataField fieldName="WLANBOMposted" columns="10" />
            <dataField fieldName="MACCode" hidden="true" />
            <dataField fieldName="MAC" hidden="true" />
            <dataField fieldName="Floor" hidden="true" />
          </dataFields>
        </category>
      </categories>
    </view>
  </views>
  <actions>
    <actionGroup id="ag1" scope="Grid">
      <action id="a1" commandName="Select" commandArgument="editForm1" />
      <action id="a2" commandName="Edit" />
      <action id="a3" commandName="Delete" />
      <action id="a6" />
      <action id="a7" commandName="New" />
      <action id="a8" commandName="Duplicate" />
    </actionGroup>
    <actionGroup id="ag2" scope="Form">
      <action id="a1" commandName="Edit" />
      <action id="a2" commandName="Delete" />
      <action id="a3" commandName="Cancel" />
      <action id="a4" whenLastCommandName="Edit" commandName="Update" />
      <action id="a5" whenLastCommandName="Edit" commandName="Delete" />
      <action id="a6" whenLastCommandName="Edit" commandName="Cancel" />
      <action id="a7" whenLastCommandName="New" commandName="Insert" />
      <action id="a8" whenLastCommandName="New" commandName="Cancel" />
      <action id="a9" whenLastCommandName="Duplicate" commandName="Insert" />
      <action id="a10" whenLastCommandName="Duplicate" commandName="Cancel" />
      <action id="a13" whenLastCommandName="Insert" commandName="Select" commandArgument="editForm1" whenKeySelected="true" whenClientScript="this.get_hasDetails()" />
    </actionGroup>
    <actionGroup id="ag3" scope="ActionBar" headerText="New" flat="true">
      <action id="a1" commandName="New" cssClass="NewIcon" />
    </actionGroup>
    <actionGroup id="ag4" scope="ActionBar" headerText="Edit/Delete" flat="true">
      <action id="a1" whenKeySelected="true" commandName="Edit" commandArgument="editForm1" cssClass="EditIcon" />
      <action id="a2" whenKeySelected="true" commandName="Delete" cssClass="DeleteIcon" />
    </actionGroup>
    <actionGroup id="ag5" scope="ActionBar" headerText="Actions">
      <action id="a1" commandName="ExportCsv" />
      <action id="a2" />
      <action id="a3" commandName="ExportRowset" />
      <action id="a4" commandName="ExportRss" />
      <action id="a5" />
      <action id="a6" commandName="Import" />
      <action id="a7" commandName="DataSheet" />
      <action id="a8" commandName="Grid" />
    </actionGroup>
    <actionGroup id="ag6" scope="ActionBar" headerText="Record">
      <action id="a1" whenLastCommandName="Edit" commandName="Update" />
      <action id="a2" whenLastCommandName="Edit" commandName="Cancel" />
      <action id="a3" whenLastCommandName="New" commandName="Insert" />
      <action id="a4" whenLastCommandName="New" commandName="Cancel" />
    </actionGroup>
    <actionGroup id="ag7" scope="ActionBar" headerText="Report">
      <action id="a1" commandName="ReportAsPdf" />
      <action id="a2" commandName="ReportAsImage" />
      <action id="a3" commandName="ReportAsExcel" />
      <action id="a4" commandName="ReportAsWord" />
    </actionGroup>
    <actionGroup id="ag8" scope="Row">
      <action id="a4" whenLastCommandName="Edit" commandName="Update" />
      <action id="a5" whenLastCommandName="Edit" commandName="Cancel" />
      <action id="a6" whenLastCommandName="New" commandName="Insert" />
      <action id="a7" whenLastCommandName="New" commandName="Cancel" />
    </actionGroup>
  </actions>
</dataController>